RECEITAS,UF,VALOR,DATA
TOTAL GERAL,AC,99741890,2015-01-31
TOTAL GERAL,AL,305040988,2015-01-31
TOTAL GERAL,AM,1161982213,2015-01-31
TOTAL GERAL,AP,83805838,2015-01-31
TOTAL GERAL,BA,2202374665,2015-01-31
TOTAL GERAL,CE,1643850177,2015-01-31
TOTAL GERAL,DF,10028875905,2015-01-31
TOTAL GERAL,ES,1930858242,2015-01-31
TOTAL GERAL,GO,1352919682,2015-01-31
TOTAL GERAL,MA,666574691,2015-01-31
TOTAL GERAL,MG,8155209648,2015-01-31
TOTAL GERAL,MS,688256829,2015-01-31
TOTAL GERAL,MT,767994073,2015-01-31
TOTAL GERAL,PA,828704473,2015-01-31
TOTAL GERAL,PB,522481510,2015-01-31
TOTAL GERAL,PE,2260495624,2015-01-31
TOTAL GERAL,PI,307110014,2015-01-31
TOTAL GERAL,PR,6001693921,2015-01-31
TOTAL GERAL,RJ,22151018412,2015-01-31
TOTAL GERAL,RN,506786202,2015-01-31
TOTAL GERAL,RO,244490856,2015-01-31
TOTAL GERAL,RR,82128879,2015-01-31
TOTAL GERAL,RS,6439526653,2015-01-31
TOTAL GERAL,SC,4640446671,2015-01-31
TOTAL GERAL,SE,339694290,2015-01-31
TOTAL GERAL,SP,51708376499,2015-01-31
TOTAL GERAL,TO,161428085,2015-01-31
TOTAL GERAL,AC,81210459,2015-02-28
TOTAL GERAL,AL,260538449,2015-02-28
TOTAL GERAL,AM,1019049954,2015-02-28
TOTAL GERAL,AP,79063778,2015-02-28
TOTAL GERAL,BA,1769498430,2015-02-28
TOTAL GERAL,CE,1220170990,2015-02-28
TOTAL GERAL,DF,12666024833,2015-02-28
TOTAL GERAL,ES,1429595558,2015-02-28
TOTAL GERAL,GO,1032029303,2015-02-28
TOTAL GERAL,MA,580380838,2015-02-28
TOTAL GERAL,MG,5269891809,2015-02-28
TOTAL GERAL,MS,454178700,2015-02-28
TOTAL GERAL,MT,564424117,2015-02-28
TOTAL GERAL,PA,681170057,2015-02-28
TOTAL GERAL,PB,439171405,2015-02-28
TOTAL GERAL,PE,1698616398,2015-02-28
TOTAL GERAL,PI,234127156,2015-02-28
TOTAL GERAL,PR,4162461255,2015-02-28
TOTAL GERAL,RJ,13150220077,2015-02-28
TOTAL GERAL,RN,381435094,2015-02-28
TOTAL GERAL,RO,189651851,2015-02-28
TOTAL GERAL,RR,65145801,2015-02-28
TOTAL GERAL,RS,4226717395,2015-02-28
TOTAL GERAL,SC,3381807819,2015-02-28
TOTAL GERAL,SE,298071490,2015-02-28
TOTAL GERAL,SP,34531069971,2015-02-28
TOTAL GERAL,TO,115903137,2015-02-28
TOTAL GERAL,AC,85845011,2015-03-31
TOTAL GERAL,AL,277411830,2015-03-31
TOTAL GERAL,AM,1101625280,2015-03-31
TOTAL GERAL,AP,66361612,2015-03-31
TOTAL GERAL,BA,1885133228,2015-03-31
TOTAL GERAL,CE,1295480463,2015-03-31
TOTAL GERAL,DF,7729161057,2015-03-31
TOTAL GERAL,ES,1489471438,2015-03-31
TOTAL GERAL,GO,1060709352,2015-03-31
TOTAL GERAL,MA,621426075,2015-03-31
TOTAL GERAL,MG,5091714244,2015-03-31
TOTAL GERAL,MS,453762208,2015-03-31
TOTAL GERAL,MT,606052248,2015-03-31
TOTAL GERAL,PA,808326077,2015-03-31
TOTAL GERAL,PB,445840456,2015-03-31
TOTAL GERAL,PE,1749270396,2015-03-31
TOTAL GERAL,PI,270062820,2015-03-31
TOTAL GERAL,PR,4603509039,2015-03-31
TOTAL GERAL,RJ,15553651654,2015-03-31
TOTAL GERAL,RN,391585819,2015-03-31
TOTAL GERAL,RO,227550271,2015-03-31
TOTAL GERAL,RR,66220201,2015-03-31
TOTAL GERAL,RS,4336829997,2015-03-31
TOTAL GERAL,SC,3668147458,2015-03-31
TOTAL GERAL,SE,284656690,2015-03-31
TOTAL GERAL,SP,39806639630,2015-03-31
TOTAL GERAL,TO,135704314,2015-03-31
TOTAL GERAL,AC,91953471,2015-04-30
TOTAL GERAL,AL,351222568,2015-04-30
TOTAL GERAL,AM,1250553623,2015-04-30
TOTAL GERAL,AP,72845581,2015-04-30
TOTAL GERAL,BA,2264993430,2015-04-30
TOTAL GERAL,CE,1622964958,2015-04-30
TOTAL GERAL,DF,8464233553,2015-04-30
TOTAL GERAL,ES,1797686041,2015-04-30
TOTAL GERAL,GO,1332835341,2015-04-30
TOTAL GERAL,MA,609274685,2015-04-30
TOTAL GERAL,MG,6281529264,2015-04-30
TOTAL GERAL,MS,627000626,2015-04-30
TOTAL GERAL,MT,766885006,2015-04-30
TOTAL GERAL,PA,839163649,2015-04-30
TOTAL GERAL,PB,559218431,2015-04-30
TOTAL GERAL,PE,2200477726,2015-04-30
TOTAL GERAL,PI,330011267,2015-04-30
TOTAL GERAL,PR,5602483606,2015-04-30
TOTAL GERAL,RJ,20083388718,2015-04-30
TOTAL GERAL,RN,487424161,2015-04-30
TOTAL GERAL,RO,247237197,2015-04-30
TOTAL GERAL,RR,79447869,2015-04-30
TOTAL GERAL,RS,5806079025,2015-04-30
TOTAL GERAL,SC,4131921519,2015-04-30
TOTAL GERAL,SE,373532424,2015-04-30
TOTAL GERAL,SP,42802146022,2015-04-30
TOTAL GERAL,TO,164667701,2015-04-30
TOTAL GERAL,AC,92224264,2015-05-31
TOTAL GERAL,AL,282221206,2015-05-31
TOTAL GERAL,AM,1077877853,2015-05-31
TOTAL GERAL,AP,65245912,2015-05-31
TOTAL GERAL,BA,1910305549,2015-05-31
TOTAL GERAL,CE,1443210458,2015-05-31
TOTAL GERAL,DF,8012074580,2015-05-31
TOTAL GERAL,ES,1490642608,2015-05-31
TOTAL GERAL,GO,1053510134,2015-05-31
TOTAL GERAL,MA,547352014,2015-05-31
TOTAL GERAL,MG,5243503209,2015-05-31
TOTAL GERAL,MS,513460280,2015-05-31
TOTAL GERAL,MT,670438406,2015-05-31
TOTAL GERAL,PA,734932671,2015-05-31
TOTAL GERAL,PB,453662288,2015-05-31
TOTAL GERAL,PE,1658291922,2015-05-31
TOTAL GERAL,PI,261939824,2015-05-31
TOTAL GERAL,PR,4798372648,2015-05-31
TOTAL GERAL,RJ,14959098078,2015-05-31
TOTAL GERAL,RN,398451431,2015-05-31
TOTAL GERAL,RO,217397419,2015-05-31
TOTAL GERAL,RR,70348896,2015-05-31
TOTAL GERAL,RS,4655943003,2015-05-31
TOTAL GERAL,SC,3417909676,2015-05-31
TOTAL GERAL,SE,318768833,2015-05-31
TOTAL GERAL,SP,37018150562,2015-05-31
TOTAL GERAL,TO,134892191,2015-05-31
TOTAL GERAL,AC,86591238.80102892,2015-06-30
TOTAL GERAL,AL,273129112.4046891,2015-06-30
TOTAL GERAL,AM,975320425.8736453,2015-06-30
TOTAL GERAL,AP,70075700.80545215,2015-06-30
TOTAL GERAL,BA,1896139978.5235226,2015-06-30
TOTAL GERAL,CE,1415830254.9910643,2015-06-30
TOTAL GERAL,DF,8616408876.053026,2015-06-30
TOTAL GERAL,ES,1553191690.198514,2015-06-30
TOTAL GERAL,GO,1120589563.3839834,2015-06-30
TOTAL GERAL,MA,493977735.48537177,2015-06-30
TOTAL GERAL,MG,5277972367.405444,2015-06-30
TOTAL GERAL,MS,510088428.584026,2015-06-30
TOTAL GERAL,MT,638278030.402991,2015-06-30
TOTAL GERAL,PA,758883991.9538938,2015-06-30
TOTAL GERAL,PB,443634974.25282216,2015-06-30
TOTAL GERAL,PE,1672951662.8915758,2015-06-30
TOTAL GERAL,PI,275808058.0689645,2015-06-30
TOTAL GERAL,PR,4914634749.287619,2015-06-30
TOTAL GERAL,RJ,16486933386.289648,2015-06-30
TOTAL GERAL,RN,399638241.5461424,2015-06-30
TOTAL GERAL,RO,213985115.4087041,2015-06-30
TOTAL GERAL,RR,70108940.78331412,2015-06-30
TOTAL GERAL,RS,4766779126.669399,2015-06-30
TOTAL GERAL,SC,3575470179.355644,2015-06-30
TOTAL GERAL,SE,304695024.0845486,2015-06-30
TOTAL GERAL,SP,40139987029.94779,2015-06-30
TOTAL GERAL,TO,139592712.77717057,2015-06-30
TOTAL GERAL,AC,105892994.00556685,2015-07-31
TOTAL GERAL,AL,311907163.72339904,2015-07-31
TOTAL GERAL,AM,1083198375.9354308,2015-07-31
TOTAL GERAL,AP,77836853.22801435,2015-07-31
TOTAL GERAL,BA,2111674926.7397408,2015-07-31
TOTAL GERAL,CE,1529794043.1199763,2015-07-31
TOTAL GERAL,DF,8434743550.346998,2015-07-31
TOTAL GERAL,ES,1645310273.1235096,2015-07-31
TOTAL GERAL,GO,1423344620.8188016,2015-07-31
TOTAL GERAL,MA,637659597.2535343,2015-07-31
TOTAL GERAL,MG,5775680598.766582,2015-07-31
TOTAL GERAL,MS,543742642.6804624,2015-07-31
TOTAL GERAL,MT,712181059.9824833,2015-07-31
TOTAL GERAL,PA,897693627.2215929,2015-07-31
TOTAL GERAL,PB,483076515.436396,2015-07-31
TOTAL GERAL,PE,1873707403.358542,2015-07-31
TOTAL GERAL,PI,280691391.1168119,2015-07-31
TOTAL GERAL,PR,5154260362.263589,2015-07-31
TOTAL GERAL,RJ,20256861300.31757,2015-07-31
TOTAL GERAL,RN,454490667.13436276,2015-07-31
TOTAL GERAL,RO,245406823.29532456,2015-07-31
TOTAL GERAL,RR,80479758.02566087,2015-07-31
TOTAL GERAL,RS,5259751664.93659,2015-07-31
TOTAL GERAL,SC,4106867067.6470065,2015-07-31
TOTAL GERAL,SE,347765224.94525295,2015-07-31
TOTAL GERAL,SP,40870222222.00499,2015-07-31
TOTAL GERAL,TO,163748297.25180572,2015-07-31
TOTAL GERAL,AC,91208166.1506696,2015-08-31
TOTAL GERAL,AL,303861808.403806,2015-08-31
TOTAL GERAL,AM,986718851.4652926,2015-08-31
TOTAL GERAL,AP,75419569.81572866,2015-08-31
TOTAL GERAL,BA,1897198216.6694198,2015-08-31
TOTAL GERAL,CE,1385882868.1352382,2015-08-31
TOTAL GERAL,DF,7678509275.330974,2015-08-31
TOTAL GERAL,ES,1520585061.1906145,2015-08-31
TOTAL GERAL,GO,1107268470.0782416,2015-08-31
TOTAL GERAL,MA,566977566.5757008,2015-08-31
TOTAL GERAL,MG,5160475843.009692,2015-08-31
TOTAL GERAL,MS,496177307.4264339,2015-08-31
TOTAL GERAL,MT,632461179.9494276,2015-08-31
TOTAL GERAL,PA,740200551.96788,2015-08-31
TOTAL GERAL,PB,429819368.3612716,2015-08-31
TOTAL GERAL,PE,1627870811.9363737,2015-08-31
TOTAL GERAL,PI,259513285.31431434,2015-08-31
TOTAL GERAL,PR,4650088843.807772,2015-08-31
TOTAL GERAL,RJ,16978506539.156345,2015-08-31
TOTAL GERAL,RN,396431493.9145059,2015-08-31
TOTAL GERAL,RO,208355340.07058808,2015-08-31
TOTAL GERAL,RR,71208710.35184279,2015-08-31
TOTAL GERAL,RS,4711133298.974487,2015-08-31
TOTAL GERAL,SC,3623237329.534615,2015-08-31
TOTAL GERAL,SE,312298484.15249413,2015-08-31
TOTAL GERAL,SP,37686435335.98114,2015-08-31
TOTAL GERAL,TO,140425482.27513757,2015-08-31
TOTAL GERAL,AC,90638219.41561787,2015-09-30
TOTAL GERAL,AL,272543251.8995232,2015-09-30
TOTAL GERAL,AM,1012274992.1241806,2015-09-30
TOTAL GERAL,AP,70212739.36232604,2015-09-30
TOTAL GERAL,BA,1920004469.701609,2015-09-30
TOTAL GERAL,CE,1405272519.2745614,2015-09-30
TOTAL GERAL,DF,8198225695.869118,2015-09-30
TOTAL GERAL,ES,1583627459.5395007,2015-09-30
TOTAL GERAL,GO,1245067334.8866346,2015-09-30
TOTAL GERAL,MA,580595721.0324916,2015-09-30
TOTAL GERAL,MG,5405865174.002079,2015-09-30
TOTAL GERAL,MS,610042764.8174444,2015-09-30
TOTAL GERAL,MT,736731370.9591475,2015-09-30
TOTAL GERAL,PA,793864522.2350018,2015-09-30
TOTAL GERAL,PB,443015822.26014835,2015-09-30
TOTAL GERAL,PE,1733553205.8665724,2015-09-30
TOTAL GERAL,PI,263715744.99095276,2015-09-30
TOTAL GERAL,PR,4971291618.062755,2015-09-30
TOTAL GERAL,RJ,15785152693.205496,2015-09-30
TOTAL GERAL,RN,415085467.4220107,2015-09-30
TOTAL GERAL,RO,218311188.30148074,2015-09-30
TOTAL GERAL,RR,69566117.93362056,2015-09-30
TOTAL GERAL,RS,4770890389.266742,2015-09-30
TOTAL GERAL,SC,3848950629.38328,2015-09-30
TOTAL GERAL,SE,294750290.99482125,2015-09-30
TOTAL GERAL,SP,38350087729.46539,2015-09-30
TOTAL GERAL,TO,149950134.16748723,2015-09-30
TOTAL GERAL,AC,107727979.86103387,2015-10-31
TOTAL GERAL,AL,293256398.7807393,2015-10-31
TOTAL GERAL,AM,1111566930.4743493,2015-10-31
TOTAL GERAL,AP,77932948.1640436,2015-10-31
TOTAL GERAL,BA,2151352181.2109866,2015-10-31
TOTAL GERAL,CE,1474602678.6819804,2015-10-31
TOTAL GERAL,DF,8156364956.686938,2015-10-31
TOTAL GERAL,ES,1630130097.5428996,2015-10-31
TOTAL GERAL,GO,1307280896.7882407,2015-10-31
TOTAL GERAL,MA,559658241.2271831,2015-10-31
TOTAL GERAL,MG,5907206687.755919,2015-10-31
TOTAL GERAL,MS,606382350.4145688,2015-10-31
TOTAL GERAL,MT,763161696.3671602,2015-10-31
TOTAL GERAL,PA,841918212.0994465,2015-10-31
TOTAL GERAL,PB,488685080.59078187,2015-10-31
TOTAL GERAL,PE,1965630261.9271457,2015-10-31
TOTAL GERAL,PI,304541419.3174081,2015-10-31
TOTAL GERAL,PR,5301429610.28057,2015-10-31
TOTAL GERAL,RJ,18648962105.69675,2015-10-31
TOTAL GERAL,RN,441169064.4745673,2015-10-31
TOTAL GERAL,RO,253103175.1052557,2015-10-31
TOTAL GERAL,RR,82317976.44612087,2015-10-31
TOTAL GERAL,RS,5368527984.23358,2015-10-31
TOTAL GERAL,SC,3992281251.430085,2015-10-31
TOTAL GERAL,SE,330014682.9448271,2015-10-31
TOTAL GERAL,SP,41205869325.74482,2015-10-31
TOTAL GERAL,TO,158987618.9025981,2015-10-31
TOTAL GERAL,AC,97544152.99449044,2015-11-30
TOTAL GERAL,AL,299891579.99981683,2015-11-30
TOTAL GERAL,AM,1052046812.0286285,2015-11-30
TOTAL GERAL,AP,80614120.58549142,2015-11-30
TOTAL GERAL,BA,1996196177.0523212,2015-11-30
TOTAL GERAL,CE,1387138389.0741055,2015-11-30
TOTAL GERAL,DF,9895647946.981146,2015-11-30
TOTAL GERAL,ES,1492027712.555786,2015-11-30
TOTAL GERAL,GO,1184471088.9910955,2015-11-30
TOTAL GERAL,MA,476059625.9503663,2015-11-30
TOTAL GERAL,MG,5346949628.992338,2015-11-30
TOTAL GERAL,MS,585391380.8272934,2015-11-30
TOTAL GERAL,MT,696498543.0614377,2015-11-30
TOTAL GERAL,PA,822797586.0501117,2015-11-30
TOTAL GERAL,PB,480676973.4994922,2015-11-30
TOTAL GERAL,PE,1735709367.4088519,2015-11-30
TOTAL GERAL,PI,273159551.2474048,2015-11-30
TOTAL GERAL,PR,4320236457.960316,2015-11-30
TOTAL GERAL,RJ,15570057832.421598,2015-11-30
TOTAL GERAL,RN,429676616.00557214,2015-11-30
TOTAL GERAL,RO,227077534.09774703,2015-11-30
TOTAL GERAL,RR,86318939.39036414,2015-11-30
TOTAL GERAL,RS,4752937555.216799,2015-11-30
TOTAL GERAL,SC,3737210814.9307423,2015-11-30
TOTAL GERAL,SE,305285710.9857801,2015-11-30
TOTAL GERAL,SP,37982134430.77644,2015-11-30
TOTAL GERAL,TO,147400521.69446254,2015-11-30
TOTAL GERAL,AC,109019137.49731898,2015-12-31
TOTAL GERAL,AL,400526379.07555276,2015-12-31
TOTAL GERAL,AM,1175544088.7209177,2015-12-31
TOTAL GERAL,AP,73632343.2724548,2015-12-31
TOTAL GERAL,BA,2154008408.1109085,2015-12-31
TOTAL GERAL,CE,1664347192.3370996,2015-12-31
TOTAL GERAL,DF,12596439046.014982,2015-12-31
TOTAL GERAL,ES,1668816828.2044244,2015-12-31
TOTAL GERAL,GO,1264017852.847392,2015-12-31
TOTAL GERAL,MA,590981122.8409983,2015-12-31
TOTAL GERAL,MG,6724166476.381091,2015-12-31
TOTAL GERAL,MS,665900665.8356901,2015-12-31
TOTAL GERAL,MT,785752705.6759459,2015-12-31
TOTAL GERAL,PA,956703757.7624,2015-12-31
TOTAL GERAL,PB,517116276.9554669,2015-12-31
TOTAL GERAL,PE,2045069398.7497554,2015-12-31
TOTAL GERAL,PI,299544524.8785428,2015-12-31
TOTAL GERAL,PR,6124382717.07567,2015-12-31
TOTAL GERAL,RJ,19742005068.899208,2015-12-31
TOTAL GERAL,RN,477366170.50150067,2015-12-31
TOTAL GERAL,RO,267861217.89496237,2015-12-31
TOTAL GERAL,RR,87950290.51034108,2015-12-31
TOTAL GERAL,RS,5836989183.355963,2015-12-31
TOTAL GERAL,SC,4095340574.892348,2015-12-31
TOTAL GERAL,SE,317069395.28236264,2015-12-31
TOTAL GERAL,SP,50702684808.76413,2015-12-31
TOTAL GERAL,TO,158755432.20258194,2015-12-31
TOTAL GERAL,AC,98882017.93091287,2016-01-31
TOTAL GERAL,AL,310752623.98178315,2016-01-31
TOTAL GERAL,AM,1259646325.1991446,2016-01-31
TOTAL GERAL,AP,83340401.16519523,2016-01-31
TOTAL GERAL,BA,2226944489.2669754,2016-01-31
TOTAL GERAL,CE,1777231077.1558826,2016-01-31
TOTAL GERAL,DF,10340275463.726768,2016-01-31
TOTAL GERAL,ES,1870240691.4245234,2016-01-31
TOTAL GERAL,GO,1448199138.2322128,2016-01-31
TOTAL GERAL,MA,642086074.1733015,2016-01-31
TOTAL GERAL,MG,7992767086.781971,2016-01-31
TOTAL GERAL,MS,575928993.83351,2016-01-31
TOTAL GERAL,MT,796385816.5437578,2016-01-31
TOTAL GERAL,PA,858892607.8780745,2016-01-31
TOTAL GERAL,PB,517255202.88141775,2016-01-31
TOTAL GERAL,PE,2266346076.0261893,2016-01-31
TOTAL GERAL,PI,315888986.0419819,2016-01-31
TOTAL GERAL,PR,5752639912.691584,2016-01-31
TOTAL GERAL,RJ,25280582006.450512,2016-01-31
TOTAL GERAL,RN,484935503.4679726,2016-01-31
TOTAL GERAL,RO,260708947.1895302,2016-01-31
TOTAL GERAL,RR,86153674.71213472,2016-01-31
TOTAL GERAL,RS,6174824326.567967,2016-01-31
TOTAL GERAL,SC,4171528225.595017,2016-01-31
TOTAL GERAL,SE,322813771.75471157,2016-01-31
TOTAL GERAL,SP,53302584100.762314,2016-01-31
TOTAL GERAL,TO,167017017.7746499,2016-01-31
TOTAL GERAL,AC,76300429.82372698,2016-02-29
TOTAL GERAL,AL,274959376.3664558,2016-02-29
TOTAL GERAL,AM,922381906.1699754,2016-02-29
TOTAL GERAL,AP,63890143.488447756,2016-02-29
TOTAL GERAL,BA,1733699190.3641582,2016-02-29
TOTAL GERAL,CE,1298099889.7055743,2016-02-29
TOTAL GERAL,DF,7927208344.241753,2016-02-29
TOTAL GERAL,ES,1234374438.2748404,2016-02-29
TOTAL GERAL,GO,1103625957.2557175,2016-02-29
TOTAL GERAL,MA,513982612.238629,2016-02-29
TOTAL GERAL,MG,5066553844.837502,2016-02-29
TOTAL GERAL,MS,469127949.83547825,2016-02-29
TOTAL GERAL,MT,599373911.8948097,2016-02-29
TOTAL GERAL,PA,759036639.231662,2016-02-29
TOTAL GERAL,PB,410217225.9790648,2016-02-29
TOTAL GERAL,PE,1576391803.6582737,2016-02-29
TOTAL GERAL,PI,251236257.54312965,2016-02-29
TOTAL GERAL,PR,4364135571.673992,2016-02-29
TOTAL GERAL,RJ,14046164697.724867,2016-02-29
TOTAL GERAL,RN,386457112.1045457,2016-02-29
TOTAL GERAL,RO,205062782.41095498,2016-02-29
TOTAL GERAL,RR,70045374.8738748,2016-02-29
TOTAL GERAL,RS,4502313462.341988,2016-02-29
TOTAL GERAL,SC,3426249891.8432484,2016-02-29
TOTAL GERAL,SE,308147482.9289011,2016-02-29
TOTAL GERAL,SP,36130876377.13105,2016-02-29
TOTAL GERAL,TO,130839995.8973926,2016-02-29
TOTAL GERAL,AC,88662176.77429563,2016-03-31
TOTAL GERAL,AL,294839456.99805593,2016-03-31
TOTAL GERAL,AM,1118588913.0529468,2016-03-31
TOTAL GERAL,AP,71776297.27471837,2016-03-31
TOTAL GERAL,BA,1894747149.0734487,2016-03-31
TOTAL GERAL,CE,1364741873.993988,2016-03-31
TOTAL GERAL,DF,8786243701.503521,2016-03-31
TOTAL GERAL,ES,1436124622.6549711,2016-03-31
TOTAL GERAL,GO,1074356790.4624836,2016-03-31
TOTAL GERAL,MA,555618737.3046278,2016-03-31
TOTAL GERAL,MG,5137985127.063183,2016-03-31
TOTAL GERAL,MS,489773271.2834164,2016-03-31
TOTAL GERAL,MT,651423821.7457695,2016-03-31
TOTAL GERAL,PA,894043749.7158561,2016-03-31
TOTAL GERAL,PB,424052959.9559379,2016-03-31
TOTAL GERAL,PE,1743102983.5219216,2016-03-31
TOTAL GERAL,PI,251106126.08588025,2016-03-31
TOTAL GERAL,PR,5150076147.070733,2016-03-31
TOTAL GERAL,RJ,14471020121.453974,2016-03-31
TOTAL GERAL,RN,385535589.2118229,2016-03-31
TOTAL GERAL,RO,279338488.29982287,2016-03-31
TOTAL GERAL,RR,70145898.07746212,2016-03-31
TOTAL GERAL,RS,4616702943.737102,2016-03-31
TOTAL GERAL,SC,3346071324.497543,2016-03-31
TOTAL GERAL,SE,285986864.70316905,2016-03-31
TOTAL GERAL,SP,40767607462.37845,2016-03-31
TOTAL GERAL,TO,128869849.64490311,2016-03-31
TOTAL GERAL,AC,100857905.18260953,2016-04-30
TOTAL GERAL,AL,366573589.9620923,2016-04-30
TOTAL GERAL,AM,1076476279.907289,2016-04-30
TOTAL GERAL,AP,69349940.88787389,2016-04-30
TOTAL GERAL,BA,2201029216.762623,2016-04-30
TOTAL GERAL,CE,1620412846.4345427,2016-04-30
TOTAL GERAL,DF,10056408291.073372,2016-04-30
TOTAL GERAL,ES,1607105451.0664504,2016-04-30
TOTAL GERAL,GO,1344101102.9901803,2016-04-30
TOTAL GERAL,MA,629056979.9250968,2016-04-30
TOTAL GERAL,MG,6366217776.570904,2016-04-30
TOTAL GERAL,MS,687443872.6650025,2016-04-30
TOTAL GERAL,MT,823577025.3246537,2016-04-30
TOTAL GERAL,PA,890120152.8770645,2016-04-30
TOTAL GERAL,PB,534949032.9477348,2016-04-30
TOTAL GERAL,PE,1911849481.4447672,2016-04-30
TOTAL GERAL,PI,341815167.8263124,2016-04-30
TOTAL GERAL,PR,5856629671.285124,2016-04-30
TOTAL GERAL,RJ,16314012819.580381,2016-04-30
TOTAL GERAL,RN,510020102.7753335,2016-04-30
TOTAL GERAL,RO,292763360.7175907,2016-04-30
TOTAL GERAL,RR,78590894.49983533,2016-04-30
TOTAL GERAL,RS,6051324052.2745695,2016-04-30
TOTAL GERAL,SC,4027174647.035852,2016-04-30
TOTAL GERAL,SE,353913842.1512236,2016-04-30
TOTAL GERAL,SP,46602628825.86562,2016-04-30
TOTAL GERAL,TO,180818798.89590392,2016-04-30
TOTAL GERAL,AC,96882085.87047653,2016-05-31
TOTAL GERAL,AL,283660598.1881296,2016-05-31
TOTAL GERAL,AM,983407035.0294204,2016-05-31
TOTAL GERAL,AP,65528105.10408991,2016-05-31
TOTAL GERAL,BA,1982430601.2341714,2016-05-31
TOTAL GERAL,CE,1405531470.1640692,2016-05-31
TOTAL GERAL,DF,9186862097.2602,2016-05-31
TOTAL GERAL,ES,1375965042.269227,2016-05-31
TOTAL GERAL,GO,1089814588.444074,2016-05-31
TOTAL GERAL,MA,611299033.3949516,2016-05-31
TOTAL GERAL,MG,5451031226.845833,2016-05-31
TOTAL GERAL,MS,564670698.0125275,2016-05-31
TOTAL GERAL,MT,691601765.735182,2016-05-31
TOTAL GERAL,PA,790906349.28647,2016-05-31
TOTAL GERAL,PB,444104537.647517,2016-05-31
TOTAL GERAL,PE,1804137297.8281054,2016-05-31
TOTAL GERAL,PI,277577508.6568038,2016-05-31
TOTAL GERAL,PR,4877931051.034307,2016-05-31
TOTAL GERAL,RJ,14577099969.043888,2016-05-31
TOTAL GERAL,RN,416117798.05976254,2016-05-31
TOTAL GERAL,RO,227702921.34121305,2016-05-31
TOTAL GERAL,RR,78980266.96979563,2016-05-31
TOTAL GERAL,RS,5202446398.946477,2016-05-31
TOTAL GERAL,SC,3547617621.7258124,2016-05-31
TOTAL GERAL,SE,299501588.0680693,2016-05-31
TOTAL GERAL,SP,38738898502.16051,2016-05-31
TOTAL GERAL,TO,146999227.8189268,2016-05-31
TOTAL GERAL,AC,91659182.72240087,2016-06-30
TOTAL GERAL,AL,279263939.21129453,2016-06-30
TOTAL GERAL,AM,977234039.9219192,2016-06-30
TOTAL GERAL,AP,71570885.91019818,2016-06-30
TOTAL GERAL,BA,1969594146.28536,2016-06-30
TOTAL GERAL,CE,1377270775.0958784,2016-06-30
TOTAL GERAL,DF,8901350034.199175,2016-06-30
TOTAL GERAL,ES,1365037450.5994048,2016-06-30
TOTAL GERAL,GO,1100888475.2220256,2016-06-30
TOTAL GERAL,MA,561864659.3343637,2016-06-30
TOTAL GERAL,MG,5093371269.453045,2016-06-30
TOTAL GERAL,MS,555455322.3170159,2016-06-30
TOTAL GERAL,MT,689270149.4580029,2016-06-30
TOTAL GERAL,PA,774789141.2950501,2016-06-30
TOTAL GERAL,PB,455106621.88756394,2016-06-30
TOTAL GERAL,PE,1630361794.3869274,2016-06-30
TOTAL GERAL,PI,288220451.62551355,2016-06-30
TOTAL GERAL,PR,5043687583.090958,2016-06-30
TOTAL GERAL,RJ,15784982884.74159,2016-06-30
TOTAL GERAL,RN,405959965.99718773,2016-06-30
TOTAL GERAL,RO,223749591.65949684,2016-06-30
TOTAL GERAL,RR,81689591.29997309,2016-06-30
TOTAL GERAL,RS,4801057720.685765,2016-06-30
TOTAL GERAL,SC,3519386001.650545,2016-06-30
TOTAL GERAL,SE,307370183.01874995,2016-06-30
TOTAL GERAL,SP,41630154334.18432,2016-06-30
TOTAL GERAL,TO,148529971.09627968,2016-06-30
TOTAL GERAL,AC,99647640.03294876,2016-07-31
TOTAL GERAL,AL,313634993.5122994,2016-07-31
TOTAL GERAL,AM,1069664872.674519,2016-07-31
TOTAL GERAL,AP,78238599.26713055,2016-07-31
TOTAL GERAL,BA,2081073920.8093953,2016-07-31
TOTAL GERAL,CE,1536202513.328873,2016-07-31
TOTAL GERAL,DF,10246010259.36376,2016-07-31
TOTAL GERAL,ES,1445933417.5065837,2016-07-31
TOTAL GERAL,GO,1267086714.0021534,2016-07-31
TOTAL GERAL,MA,591921798.7535479,2016-07-31
TOTAL GERAL,MG,5853335686.753125,2016-07-31
TOTAL GERAL,MS,602376178.9198489,2016-07-31
TOTAL GERAL,MT,800421776.74629,2016-07-31
TOTAL GERAL,PA,845415385.5395691,2016-07-31
TOTAL GERAL,PB,481958829.2933329,2016-07-31
TOTAL GERAL,PE,1991200987.2515566,2016-07-31
TOTAL GERAL,PI,310382785.5176293,2016-07-31
TOTAL GERAL,PR,5341991441.010975,2016-07-31
TOTAL GERAL,RJ,16914908868.513018,2016-07-31
TOTAL GERAL,RN,448394979.54050756,2016-07-31
TOTAL GERAL,RO,249486088.7147629,2016-07-31
TOTAL GERAL,RR,81254931.71373229,2016-07-31
TOTAL GERAL,RS,5474981214.002457,2016-07-31
TOTAL GERAL,SC,3934074635.9758663,2016-07-31
TOTAL GERAL,SE,315396883.7483362,2016-07-31
TOTAL GERAL,SP,44862418978.56758,2016-07-31
TOTAL GERAL,TO,178277174.43019843,2016-07-31
TOTAL GERAL,AC,95817372.16793838,2016-08-31
TOTAL GERAL,AL,296755525.5857425,2016-08-31
TOTAL GERAL,AM,989571139.2451982,2016-08-31
TOTAL GERAL,AP,69576525.80090642,2016-08-31
TOTAL GERAL,BA,1958694382.6302772,2016-08-31
TOTAL GERAL,CE,1367382898.1222694,2016-08-31
TOTAL GERAL,DF,8467076901.802349,2016-08-31
TOTAL GERAL,ES,1327691989.3109617,2016-08-31
TOTAL GERAL,GO,1176620508.7130282,2016-08-31
TOTAL GERAL,MA,532158830.6995714,2016-08-31
TOTAL GERAL,MG,5189946962.074806,2016-08-31
TOTAL GERAL,MS,547239796.3168442,2016-08-31
TOTAL GERAL,MT,709911646.7305143,2016-08-31
TOTAL GERAL,PA,823787925.3412347,2016-08-31
TOTAL GERAL,PB,456824694.99550563,2016-08-31
TOTAL GERAL,PE,1747300143.1827888,2016-08-31
TOTAL GERAL,PI,289681869.2733353,2016-08-31
TOTAL GERAL,PR,4799620957.432737,2016-08-31
TOTAL GERAL,RJ,13452706374.348095,2016-08-31
TOTAL GERAL,RN,398441345.1623002,2016-08-31
TOTAL GERAL,RO,236026346.62519455,2016-08-31
TOTAL GERAL,RR,72733727.63468373,2016-08-31
TOTAL GERAL,RS,4738279879.499924,2016-08-31
TOTAL GERAL,SC,3729410282.1222672,2016-08-31
TOTAL GERAL,SE,303624389.6428899,2016-08-31
TOTAL GERAL,SP,37881717356.0516,2016-08-31
TOTAL GERAL,TO,149503735.26703006,2016-08-31
TOTAL GERAL,AC,93640377.2052961,2016-09-30
TOTAL GERAL,AL,267006356.47265998,2016-09-30
TOTAL GERAL,AM,1086254042.4001281,2016-09-30
TOTAL GERAL,AP,67765593.97656362,2016-09-30
TOTAL GERAL,BA,1883996671.784995,2016-09-30
TOTAL GERAL,CE,1365022411.906578,2016-09-30
TOTAL GERAL,DF,9166695948.71583,2016-09-30
TOTAL GERAL,ES,1287333316.7238455,2016-09-30
TOTAL GERAL,GO,1195342424.9029171,2016-09-30
TOTAL GERAL,MA,502899570.967382,2016-09-30
TOTAL GERAL,MG,5394349413.820667,2016-09-30
TOTAL GERAL,MS,643516601.550598,2016-09-30
TOTAL GERAL,MT,770496340.9463755,2016-09-30
TOTAL GERAL,PA,730284923.3712133,2016-09-30
TOTAL GERAL,PB,440274652.2721716,2016-09-30
TOTAL GERAL,PE,1723370301.2090719,2016-09-30
TOTAL GERAL,PI,280110964.92982274,2016-09-30
TOTAL GERAL,PR,4793112411.365514,2016-09-30
TOTAL GERAL,RJ,14142075035.110613,2016-09-30
TOTAL GERAL,RN,398720022.3898294,2016-09-30
TOTAL GERAL,RO,224663451.08191374,2016-09-30
TOTAL GERAL,RR,74248890.02227087,2016-09-30
TOTAL GERAL,RS,4883272189.551859,2016-09-30
TOTAL GERAL,SC,3669916424.140514,2016-09-30
TOTAL GERAL,SE,290943703.4317078,2016-09-30
TOTAL GERAL,SP,39186727874.479256,2016-09-30
TOTAL GERAL,TO,207945173.75041807,2016-09-30
TOTAL GERAL,AC,102326991.36288053,2016-10-31
TOTAL GERAL,AL,299281143.48327327,2016-10-31
TOTAL GERAL,AM,1181235351.2552161,2016-10-31
TOTAL GERAL,AP,74068206.42962384,2016-10-31
TOTAL GERAL,BA,2302471907.071057,2016-10-31
TOTAL GERAL,CE,1562161823.3352907,2016-10-31
TOTAL GERAL,DF,54134936542.10672,2016-10-31
TOTAL GERAL,ES,1388964416.4820719,2016-10-31
TOTAL GERAL,GO,1278625031.6179552,2016-10-31
TOTAL GERAL,MA,564245561.3889166,2016-10-31
TOTAL GERAL,MG,5789532014.294181,2016-10-31
TOTAL GERAL,MS,648814398.7556344,2016-10-31
TOTAL GERAL,MT,810361791.3111248,2016-10-31
TOTAL GERAL,PA,882371519.3135593,2016-10-31
TOTAL GERAL,PB,488550066.9544061,2016-10-31
TOTAL GERAL,PE,1955924999.1381295,2016-10-31
TOTAL GERAL,PI,339792864.81617206,2016-10-31
TOTAL GERAL,PR,5068946316.570863,2016-10-31
TOTAL GERAL,RJ,16205773333.928102,2016-10-31
TOTAL GERAL,RN,452092395.73726225,2016-10-31
TOTAL GERAL,RO,240355562.56557065,2016-10-31
TOTAL GERAL,RR,79779051.22781247,2016-10-31
TOTAL GERAL,RS,5482546205.980017,2016-10-31
TOTAL GERAL,SC,4118242558.164887,2016-10-31
TOTAL GERAL,SE,313682698.1002276,2016-10-31
TOTAL GERAL,SP,42767588859.52898,2016-10-31
TOTAL GERAL,TO,166612463.52008185,2016-10-31
TOTAL GERAL,AC,105421657.19782104,2016-11-30
TOTAL GERAL,AL,336051475.3773195,2016-11-30
TOTAL GERAL,AM,1128526881.4630842,2016-11-30
TOTAL GERAL,AP,82169269.21600385,2016-11-30
TOTAL GERAL,BA,2135780836.2980518,2016-11-30
TOTAL GERAL,CE,1578571502.094095,2016-11-30
TOTAL GERAL,DF,11506137792.238058,2016-11-30
TOTAL GERAL,ES,1429451390.8409982,2016-11-30
TOTAL GERAL,GO,1184291484.7657123,2016-11-30
TOTAL GERAL,MA,631191845.1406367,2016-11-30
TOTAL GERAL,MG,5871684683.886669,2016-11-30
TOTAL GERAL,MS,617041074.1742849,2016-11-30
TOTAL GERAL,MT,784899574.1528091,2016-11-30
TOTAL GERAL,PA,799150260.8559664,2016-11-30
TOTAL GERAL,PB,517640956.43301284,2016-11-30
TOTAL GERAL,PE,1864783567.808677,2016-11-30
TOTAL GERAL,PI,328196500.87218076,2016-11-30
TOTAL GERAL,PR,4880078291.030907,2016-11-30
TOTAL GERAL,RJ,15120301137.964739,2016-11-30
TOTAL GERAL,RN,468968400.66096,2016-11-30
TOTAL GERAL,RO,239754572.32132322,2016-11-30
TOTAL GERAL,RR,97532539.53210206,2016-11-30
TOTAL GERAL,RS,4976618409.521981,2016-11-30
TOTAL GERAL,SC,3833989429.243452,2016-11-30
TOTAL GERAL,SE,323464916.70736676,2016-11-30
TOTAL GERAL,SP,41246207643.842735,2016-11-30
TOTAL GERAL,TO,157510056.52902472,2016-11-30
TOTAL GERAL,AC,134480649.57047853,2016-12-31
TOTAL GERAL,AL,396428476.27577615,2016-12-31
TOTAL GERAL,AM,1405306124.1212811,2016-12-31
TOTAL GERAL,AP,84742823.30009536,2016-12-31
TOTAL GERAL,BA,2560405144.572788,2016-12-31
TOTAL GERAL,CE,1792101278.7529488,2016-12-31
TOTAL GERAL,DF,12713450466.265274,2016-12-31
TOTAL GERAL,ES,1589116632.5712757,2016-12-31
TOTAL GERAL,GO,1314465183.608285,2016-12-31
TOTAL GERAL,MA,723414844.9153985,2016-12-31
TOTAL GERAL,MG,6884780335.846262,2016-12-31
TOTAL GERAL,MS,709403329.9573601,2016-12-31
TOTAL GERAL,MT,862393715.7832645,2016-12-31
TOTAL GERAL,PA,941366288.5314138,2016-12-31
TOTAL GERAL,PB,574236984.8452209,2016-12-31
TOTAL GERAL,PE,2392936089.917757,2016-12-31
TOTAL GERAL,PI,385374722.9473945,2016-12-31
TOTAL GERAL,PR,5714624173.205332,2016-12-31
TOTAL GERAL,RJ,18552765934.411476,2016-12-31
TOTAL GERAL,RN,496096244.98709136,2016-12-31
TOTAL GERAL,RO,278860680.98467517,2016-12-31
TOTAL GERAL,RR,128149121.67810297,2016-12-31
TOTAL GERAL,RS,6319288294.218226,2016-12-31
TOTAL GERAL,SC,4462941422.272502,2016-12-31
TOTAL GERAL,SE,364330724.70872265,2016-12-31
TOTAL GERAL,SP,55658558743.10868,2016-12-31
TOTAL GERAL,TO,167198331.36290154,2016-12-31
TOTAL GERAL,AC,108714593.94027139,2017-01-31
TOTAL GERAL,AL,368340910.48075014,2017-01-31
TOTAL GERAL,AM,1233020501.0246284,2017-01-31
TOTAL GERAL,AP,88397461.05552116,2017-01-31
TOTAL GERAL,BA,2364164767.1504116,2017-01-31
TOTAL GERAL,CE,1758255993.864076,2017-01-31
TOTAL GERAL,DF,11436697866.75752,2017-01-31
TOTAL GERAL,ES,1692155500.7254257,2017-01-31
TOTAL GERAL,GO,1527586606.513756,2017-01-31
TOTAL GERAL,MA,652995645.353273,2017-01-31
TOTAL GERAL,MG,7503110800.517671,2017-01-31
TOTAL GERAL,MS,630994574.3495847,2017-01-31
TOTAL GERAL,MT,875255892.8000014,2017-01-31
TOTAL GERAL,PA,882399811.2506701,2017-01-31
TOTAL GERAL,PB,557194396.6099372,2017-01-31
TOTAL GERAL,PE,2122088255.1662798,2017-01-31
TOTAL GERAL,PI,360985736.93565106,2017-01-31
TOTAL GERAL,PR,5893962406.174442,2017-01-31
TOTAL GERAL,RJ,27846729052.63575,2017-01-31
TOTAL GERAL,RN,486797646.14254236,2017-01-31
TOTAL GERAL,RO,275140528.1877306,2017-01-31
TOTAL GERAL,RR,97739865.35345675,2017-01-31
TOTAL GERAL,RS,6939836361.246647,2017-01-31
TOTAL GERAL,SC,4559326152.924075,2017-01-31
TOTAL GERAL,SE,330256785.24168736,2017-01-31
TOTAL GERAL,SP,56611589451.11676,2017-01-31
TOTAL GERAL,TO,187980095.9614766,2017-01-31
TOTAL GERAL,AC,102521091.71333012,2017-02-28
TOTAL GERAL,AL,288522617.93408257,2017-02-28
TOTAL GERAL,AM,952162276.3613614,2017-02-28
TOTAL GERAL,AP,71970570.03561476,2017-02-28
TOTAL GERAL,BA,1899555248.3340924,2017-02-28
TOTAL GERAL,CE,1395091791.6049764,2017-02-28
TOTAL GERAL,DF,8454949857.407639,2017-02-28
TOTAL GERAL,ES,1200201563.95735,2017-02-28
TOTAL GERAL,GO,1144370405.4595902,2017-02-28
TOTAL GERAL,MA,517713756.374385,2017-02-28
TOTAL GERAL,MG,5102726101.983297,2017-02-28
TOTAL GERAL,MS,503137864.93705416,2017-02-28
TOTAL GERAL,MT,611377406.5783978,2017-02-28
TOTAL GERAL,PA,742457952.3439858,2017-02-28
TOTAL GERAL,PB,463374052.0738584,2017-02-28
TOTAL GERAL,PE,1629879123.0727973,2017-02-28
TOTAL GERAL,PI,288705127.6028492,2017-02-28
TOTAL GERAL,PR,4113310362.677082,2017-02-28
TOTAL GERAL,RJ,14408224595.237946,2017-02-28
TOTAL GERAL,RN,398775212.2506492,2017-02-28
TOTAL GERAL,RO,191691654.28984576,2017-02-28
TOTAL GERAL,RR,86135561.4982255,2017-02-28
TOTAL GERAL,RS,4597572875.3595705,2017-02-28
TOTAL GERAL,SC,3420887629.188507,2017-02-28
TOTAL GERAL,SE,300985210.9454869,2017-02-28
TOTAL GERAL,SP,39342731616.01094,2017-02-28
TOTAL GERAL,TO,129265034.03709117,2017-02-28
TOTAL GERAL,AC,94293099.35032699,2017-03-31
TOTAL GERAL,AL,311812522.371753,2017-03-31
TOTAL GERAL,AM,1290411081.339894,2017-03-31
TOTAL GERAL,AP,84029199.09283516,2017-03-31
TOTAL GERAL,BA,1983129178.540451,2017-03-31
TOTAL GERAL,CE,1365456229.974275,2017-03-31
TOTAL GERAL,DF,9541992587.573656,2017-03-31
TOTAL GERAL,ES,1350535681.5809333,2017-03-31
TOTAL GERAL,GO,1121337333.8983822,2017-03-31
TOTAL GERAL,MA,516093847.2870555,2017-03-31
TOTAL GERAL,MG,5256117510.603213,2017-03-31
TOTAL GERAL,MS,543519268.2209675,2017-03-31
TOTAL GERAL,MT,722410653.432157,2017-03-31
TOTAL GERAL,PA,938871779.9685949,2017-03-31
TOTAL GERAL,PB,465337792.1231863,2017-03-31
TOTAL GERAL,PE,1737849653.360837,2017-03-31
TOTAL GERAL,PI,295471933.57211685,2017-03-31
TOTAL GERAL,PR,4874342477.958581,2017-03-31
TOTAL GERAL,RJ,14824453566.364496,2017-03-31
TOTAL GERAL,RN,418527187.584735,2017-03-31
TOTAL GERAL,RO,233623341.23085183,2017-03-31
TOTAL GERAL,RR,91293870.16770706,2017-03-31
TOTAL GERAL,RS,4834191619.366739,2017-03-31
TOTAL GERAL,SC,3686260517.785092,2017-03-31
TOTAL GERAL,SE,298999909.89606345,2017-03-31
TOTAL GERAL,SP,41971203270.94585,2017-03-31
TOTAL GERAL,TO,142641047.90925172,2017-03-31
TOTAL GERAL,AC,107166289.00588012,2017-04-30
TOTAL GERAL,AL,397294468.7450731,2017-04-30
TOTAL GERAL,AM,1262990223.7976732,2017-04-30
TOTAL GERAL,AP,92176488.45415445,2017-04-30
TOTAL GERAL,BA,2773442164.966716,2017-04-30
TOTAL GERAL,CE,1692956470.1474414,2017-04-30
TOTAL GERAL,DF,9673213465.72862,2017-04-30
TOTAL GERAL,ES,1620444504.6523767,2017-04-30
TOTAL GERAL,GO,1795873712.485344,2017-04-30
TOTAL GERAL,MA,641348559.4495369,2017-04-30
TOTAL GERAL,MG,6814607702.84975,2017-04-30
TOTAL GERAL,MS,732976439.3603783,2017-04-30
TOTAL GERAL,MT,977215808.1538774,2017-04-30
TOTAL GERAL,PA,932276662.0760139,2017-04-30
TOTAL GERAL,PB,594442838.275385,2017-04-30
TOTAL GERAL,PE,2019745235.7350867,2017-04-30
TOTAL GERAL,PI,392072480.0735718,2017-04-30
TOTAL GERAL,PR,5715572451.376283,2017-04-30
TOTAL GERAL,RJ,21221279415.354767,2017-04-30
TOTAL GERAL,RN,553570630.91337,2017-04-30
TOTAL GERAL,RO,274946166.77207434,2017-04-30
TOTAL GERAL,RR,98677338.61177607,2017-04-30
TOTAL GERAL,RS,6123144015.854294,2017-04-30
TOTAL GERAL,SC,4288854155.8041677,2017-04-30
TOTAL GERAL,SE,387807140.25832015,2017-04-30
TOTAL GERAL,SP,46675141437.15803,2017-04-30
TOTAL GERAL,TO,187303835.74004045,2017-04-30
TOTAL GERAL,AC,111456076.29485935,2017-05-31
TOTAL GERAL,AL,345680277.71538067,2017-05-31
TOTAL GERAL,AM,1052306715.5188605,2017-05-31
TOTAL GERAL,AP,102771415.59119809,2017-05-31
TOTAL GERAL,BA,2356432380.7683225,2017-05-31
TOTAL GERAL,CE,1556475062.1584024,2017-05-31
TOTAL GERAL,DF,8734052398.136806,2017-05-31
TOTAL GERAL,ES,1467928484.9312334,2017-05-31
TOTAL GERAL,GO,1293705947.538315,2017-05-31
TOTAL GERAL,MA,576586333.1680043,2017-05-31
TOTAL GERAL,MG,5651768597.71639,2017-05-31
TOTAL GERAL,MS,596332508.4969178,2017-05-31
TOTAL GERAL,MT,780806502.1885124,2017-05-31
TOTAL GERAL,PA,853040496.7904109,2017-05-31
TOTAL GERAL,PB,506581436.2688808,2017-05-31
TOTAL GERAL,PE,1816560011.2447143,2017-05-31
TOTAL GERAL,PI,336476751.5731514,2017-05-31
TOTAL GERAL,PR,4833094116.523855,2017-05-31
TOTAL GERAL,RJ,14695732506.748022,2017-05-31
TOTAL GERAL,RN,476729042.8065122,2017-05-31
TOTAL GERAL,RO,240424256.24994567,2017-05-31
TOTAL GERAL,RR,94787241.42092481,2017-05-31
TOTAL GERAL,RS,5146031885.944646,2017-05-31
TOTAL GERAL,SC,3686531591.1223116,2017-05-31
TOTAL GERAL,SE,346234848.85501605,2017-05-31
TOTAL GERAL,SP,39833692846.44364,2017-05-31
TOTAL GERAL,TO,201606470.01476723,2017-05-31
TOTAL GERAL,AC,105431239.528082,2017-06-30
TOTAL GERAL,AL,329709086.740919,2017-06-30
TOTAL GERAL,AM,1151548683.453,2017-06-30
TOTAL GERAL,AP,91921663.0888251,2017-06-30
TOTAL GERAL,BA,2120677341.96023,2017-06-30
TOTAL GERAL,CE,1454318027.01634,2017-06-30
TOTAL GERAL,DF,9898754555.08563,2017-06-30
TOTAL GERAL,ES,1430354448.90016,2017-06-30
TOTAL GERAL,GO,1269640392.74208,2017-06-30
TOTAL GERAL,MA,636937143.534647,2017-06-30
TOTAL GERAL,MG,5676961122.85334,2017-06-30
TOTAL GERAL,MS,579381279.347011,2017-06-30
TOTAL GERAL,MT,749772079.957183,2017-06-30
TOTAL GERAL,PA,866721266.195239,2017-06-30
TOTAL GERAL,PB,498605225.502612,2017-06-30
TOTAL GERAL,PE,1931797981.08578,2017-06-30
TOTAL GERAL,PI,337345082.821872,2017-06-30
TOTAL GERAL,PR,4786257318.3123,2017-06-30
TOTAL GERAL,RJ,15736904573.8705,2017-06-30
TOTAL GERAL,RN,463832303.329123,2017-06-30
TOTAL GERAL,RO,240768261.158859,2017-06-30
TOTAL GERAL,RR,91903384.3122861,2017-06-30
TOTAL GERAL,RS,5248028593.6262,2017-06-30
TOTAL GERAL,SC,3920329018.02077,2017-06-30
TOTAL GERAL,SE,340150428.575568,2017-06-30
TOTAL GERAL,SP,43941124092.6476,2017-06-30
TOTAL GERAL,TO,200671482.113794,2017-06-30
TOTAL GERAL,AC,114710246.32670324,2017-07-31
TOTAL GERAL,AL,422791486.23611695,2017-07-31
TOTAL GERAL,AM,1103629819.8534064,2017-07-31
TOTAL GERAL,AP,108631321.4519092,2017-07-31
TOTAL GERAL,BA,2326228532.868371,2017-07-31
TOTAL GERAL,CE,1642508575.206755,2017-07-31
TOTAL GERAL,DF,10779375615.822483,2017-07-31
TOTAL GERAL,ES,1472911019.6405528,2017-07-31
TOTAL GERAL,GO,1398325080.2806597,2017-07-31
TOTAL GERAL,MA,680733299.4874129,2017-07-31
TOTAL GERAL,MG,6046070040.014216,2017-07-31
TOTAL GERAL,MS,598068220.8410381,2017-07-31
TOTAL GERAL,MT,759155280.9636362,2017-07-31
TOTAL GERAL,PA,878908277.9070314,2017-07-31
TOTAL GERAL,PB,539815161.364935,2017-07-31
TOTAL GERAL,PE,2069778194.2909138,2017-07-31
TOTAL GERAL,PI,325684701.4340846,2017-07-31
TOTAL GERAL,PR,5181976100.876411,2017-07-31
TOTAL GERAL,RJ,18467263875.51717,2017-07-31
TOTAL GERAL,RN,504427480.15813506,2017-07-31
TOTAL GERAL,RO,256606502.63476142,2017-07-31
TOTAL GERAL,RR,106605743.53792863,2017-07-31
TOTAL GERAL,RS,5787403285.355064,2017-07-31
TOTAL GERAL,SC,4247593138.2385917,2017-07-31
TOTAL GERAL,SE,359194897.78246856,2017-07-31
TOTAL GERAL,SP,43604502407.71547,2017-07-31
TOTAL GERAL,TO,165216284.47377035,2017-07-31
TOTAL GERAL,AC,110171191.48188446,2017-08-31
TOTAL GERAL,AL,347681625.0527812,2017-08-31
TOTAL GERAL,AM,1069534436.8157269,2017-08-31
TOTAL GERAL,AP,82241482.39992113,2017-08-31
TOTAL GERAL,BA,2310054176.1788726,2017-08-31
TOTAL GERAL,CE,1538362530.112514,2017-08-31
TOTAL GERAL,DF,9338402266.944992,2017-08-31
TOTAL GERAL,ES,1388117884.2023292,2017-08-31
TOTAL GERAL,GO,1306425548.437543,2017-08-31
TOTAL GERAL,MA,722589542.6192437,2017-08-31
TOTAL GERAL,MG,5857009078.766052,2017-08-31
TOTAL GERAL,MS,570916560.2012151,2017-08-31
TOTAL GERAL,MT,797859577.0374838,2017-08-31
TOTAL GERAL,PA,874257690.8181106,2017-08-31
TOTAL GERAL,PB,512254344.902787,2017-08-31
TOTAL GERAL,PE,2183549287.204918,2017-08-31
TOTAL GERAL,PI,345457328.6077942,2017-08-31
TOTAL GERAL,PR,5230800551.137755,2017-08-31
TOTAL GERAL,RJ,16242798201.146803,2017-08-31
TOTAL GERAL,RN,469206809.7496805,2017-08-31
TOTAL GERAL,RO,262369316.53740865,2017-08-31
TOTAL GERAL,RR,90889969.84605898,2017-08-31
TOTAL GERAL,RS,5368123329.201826,2017-08-31
TOTAL GERAL,SC,4094848644.2650375,2017-08-31
TOTAL GERAL,SE,333929048.60140204,2017-08-31
TOTAL GERAL,SP,42548063161.72318,2017-08-31
TOTAL GERAL,TO,210335132.64667496,2017-08-31
TOTAL GERAL,AC,107250030.67700581,2017-09-30
TOTAL GERAL,AL,351232843.39604443,2017-09-30
TOTAL GERAL,AM,1090516351.4472473,2017-09-30
TOTAL GERAL,AP,131465609.50171089,2017-09-30
TOTAL GERAL,BA,2297295556.928334,2017-09-30
TOTAL GERAL,CE,1586686354.3275871,2017-09-30
TOTAL GERAL,DF,9133671187.341228,2017-09-30
TOTAL GERAL,ES,1457251693.4079618,2017-09-30
TOTAL GERAL,GO,1603645187.015063,2017-09-30
TOTAL GERAL,MA,739675492.39641,2017-09-30
TOTAL GERAL,MG,6069584515.740038,2017-09-30
TOTAL GERAL,MS,721605694.8065994,2017-09-30
TOTAL GERAL,MT,907752606.3487886,2017-09-30
TOTAL GERAL,PA,914985816.6936917,2017-09-30
TOTAL GERAL,PB,512963590.2193144,2017-09-30
TOTAL GERAL,PE,2070470553.6543593,2017-09-30
TOTAL GERAL,PI,354155545.8597514,2017-09-30
TOTAL GERAL,PR,5328734319.345833,2017-09-30
TOTAL GERAL,RJ,15601794334.031057,2017-09-30
TOTAL GERAL,RN,467517656.47533566,2017-09-30
TOTAL GERAL,RO,256329817.55184633,2017-09-30
TOTAL GERAL,RR,100746042.11947128,2017-09-30
TOTAL GERAL,RS,5476570774.099528,2017-09-30
TOTAL GERAL,SC,4393566609.984164,2017-09-30
TOTAL GERAL,SE,350600849.23225135,2017-09-30
TOTAL GERAL,SP,43353520350.28881,2017-09-30
TOTAL GERAL,TO,215279412.61056593,2017-09-30
TOTAL GERAL,AC,130215142.32220863,2017-10-31
TOTAL GERAL,AL,383814143.7946183,2017-10-31
TOTAL GERAL,AM,1179612428.6895301,2017-10-31
TOTAL GERAL,AP,103651466.34043162,2017-10-31
TOTAL GERAL,BA,2668541884.4195867,2017-10-31
TOTAL GERAL,CE,1819913687.0151346,2017-10-31
TOTAL GERAL,DF,9204733478.658945,2017-10-31
TOTAL GERAL,ES,1655661316.093869,2017-10-31
TOTAL GERAL,GO,1554888475.4536102,2017-10-31
TOTAL GERAL,MA,773359996.9848967,2017-10-31
TOTAL GERAL,MG,6579750245.7548685,2017-10-31
TOTAL GERAL,MS,756406216.9081,2017-10-31
TOTAL GERAL,MT,1151787024.8716645,2017-10-31
TOTAL GERAL,PA,1053851651.3115758,2017-10-31
TOTAL GERAL,PB,564652646.882025,2017-10-31
TOTAL GERAL,PE,2366380891.6823206,2017-10-31
TOTAL GERAL,PI,393611565.94355863,2017-10-31
TOTAL GERAL,PR,5812801581.951406,2017-10-31
TOTAL GERAL,RJ,21652184673.07618,2017-10-31
TOTAL GERAL,RN,570243322.9107641,2017-10-31
TOTAL GERAL,RO,381828027.200606,2017-10-31
TOTAL GERAL,RR,98027621.73697335,2017-10-31
TOTAL GERAL,RS,6319540174.515097,2017-10-31
TOTAL GERAL,SC,4774031791.439999,2017-10-31
TOTAL GERAL,SE,359328011.6453273,2017-10-31
TOTAL GERAL,SP,48601960122.5286,2017-10-31
TOTAL GERAL,TO,232996446.15810153,2017-10-31
TOTAL GERAL,AC,127857224.10450695,2017-11-30
TOTAL GERAL,AL,419106366.2381239,2017-11-30
TOTAL GERAL,AM,1274133939.387509,2017-11-30
TOTAL GERAL,AP,133793213.18619184,2017-11-30
TOTAL GERAL,BA,2757850665.5420823,2017-11-30
TOTAL GERAL,CE,1772856602.2598047,2017-11-30
TOTAL GERAL,DF,11156699915.197617,2017-11-30
TOTAL GERAL,ES,1623348234.1073358,2017-11-30
TOTAL GERAL,GO,1451135323.8391638,2017-11-30
TOTAL GERAL,MA,762460837.6935833,2017-11-30
TOTAL GERAL,MG,6161535372.384757,2017-11-30
TOTAL GERAL,MS,694331814.2594295,2017-11-30
TOTAL GERAL,MT,938379378.3113643,2017-11-30
TOTAL GERAL,PA,1074451126.724023,2017-11-30
TOTAL GERAL,PB,615375620.687918,2017-11-30
TOTAL GERAL,PE,2296207902.4975224,2017-11-30
TOTAL GERAL,PI,385382941.9505804,2017-11-30
TOTAL GERAL,PR,5521109143.211564,2017-11-30
TOTAL GERAL,RJ,19728642108.518032,2017-11-30
TOTAL GERAL,RN,538139511.2754357,2017-11-30
TOTAL GERAL,RO,291006304.2863207,2017-11-30
TOTAL GERAL,RR,114210367.301029,2017-11-30
TOTAL GERAL,RS,5722136876.735605,2017-11-30
TOTAL GERAL,SC,4393960022.79414,2017-11-30
TOTAL GERAL,SE,380504891.88700426,2017-11-30
TOTAL GERAL,SP,44522135850.80006,2017-11-30
TOTAL GERAL,TO,231933344.10929036,2017-11-30
TOTAL GERAL,AC,146166110.79145238,2017-12-31
TOTAL GERAL,AL,477585814.8089177,2017-12-31
TOTAL GERAL,AM,1299108612.9260623,2017-12-31
TOTAL GERAL,AP,124959399.94302179,2017-12-31
TOTAL GERAL,BA,2941710944.1154404,2017-12-31
TOTAL GERAL,CE,1986420341.2405324,2017-12-31
TOTAL GERAL,DF,11963945997.04138,2017-12-31
TOTAL GERAL,ES,1719074213.4373655,2017-12-31
TOTAL GERAL,GO,1713208124.820207,2017-12-31
TOTAL GERAL,MA,824909244.1761463,2017-12-31
TOTAL GERAL,MG,6972973578.705138,2017-12-31
TOTAL GERAL,MS,743996434.6183909,2017-12-31
TOTAL GERAL,MT,942980755.2195364,2017-12-31
TOTAL GERAL,PA,1090961089.384361,2017-12-31
TOTAL GERAL,PB,686251766.0161874,2017-12-31
TOTAL GERAL,PE,2455930168.8040094,2017-12-31
TOTAL GERAL,PI,410530165.1547401,2017-12-31
TOTAL GERAL,PR,6396273907.362676,2017-12-31
TOTAL GERAL,RJ,21429579759.056374,2017-12-31
TOTAL GERAL,RN,574506058.0265844,2017-12-31
TOTAL GERAL,RO,300957694.8339585,2017-12-31
TOTAL GERAL,RR,138987510.90926683,2017-12-31
TOTAL GERAL,RS,6751732195.493936,2017-12-31
TOTAL GERAL,SC,4857745185.50138,2017-12-31
TOTAL GERAL,SE,453400381.9605632,2017-12-31
TOTAL GERAL,SP,60235294433.11033,2017-12-31
TOTAL GERAL,TO,202358664.10203373,2017-12-31
TOTAL GERAL,AC,126944059.85720271,2018-01-31
TOTAL GERAL,AL,403538982.4139663,2018-01-31
TOTAL GERAL,AM,1330354406.2386882,2018-01-31
TOTAL GERAL,AP,123488042.46982285,2018-01-31
TOTAL GERAL,BA,2945897894.6554837,2018-01-31
TOTAL GERAL,CE,2378786534.4683423,2018-01-31
TOTAL GERAL,DF,10731091800.28073,2018-01-31
TOTAL GERAL,ES,2238548145.8670683,2018-01-31
TOTAL GERAL,GO,2042089073.027636,2018-01-31
TOTAL GERAL,MA,799490407.5506053,2018-01-31
TOTAL GERAL,MG,9044615804.09463,2018-01-31
TOTAL GERAL,MS,717679310.089605,2018-01-31
TOTAL GERAL,MT,1034380345.3427579,2018-01-31
TOTAL GERAL,PA,1131816927.29984,2018-01-31
TOTAL GERAL,PB,639016340.4890765,2018-01-31
TOTAL GERAL,PE,2462858012.376963,2018-01-31
TOTAL GERAL,PI,447943480.0404131,2018-01-31
TOTAL GERAL,PR,6568867217.324293,2018-01-31
TOTAL GERAL,RJ,30383190148.76831,2018-01-31
TOTAL GERAL,RN,606870245.7289343,2018-01-31
TOTAL GERAL,RO,322031159.38294375,2018-01-31
TOTAL GERAL,RR,112070280.2222431,2018-01-31
TOTAL GERAL,RS,7465546930.481902,2018-01-31
TOTAL GERAL,SC,5591022698.169425,2018-01-31
TOTAL GERAL,SE,423949713.83225155,2018-01-31
TOTAL GERAL,SP,65308702419.84282,2018-01-31
TOTAL GERAL,TO,238704499.86404204,2018-01-31
TOTAL GERAL,AC,103352756.08218919,2018-02-28
TOTAL GERAL,AL,353666048.78606504,2018-02-28
TOTAL GERAL,AM,994456860.2667105,2018-02-28
TOTAL GERAL,AP,137789021.27954844,2018-02-28
TOTAL GERAL,BA,2314626190.0701427,2018-02-28
TOTAL GERAL,CE,1569071278.6816828,2018-02-28
TOTAL GERAL,DF,9044608364.567055,2018-02-28
TOTAL GERAL,ES,1388405286.0544012,2018-02-28
TOTAL GERAL,GO,1286764152.943951,2018-02-28
TOTAL GERAL,MA,647413956.1165714,2018-02-28
TOTAL GERAL,MG,5799965720.446193,2018-02-28
TOTAL GERAL,MS,532216021.62347645,2018-02-28
TOTAL GERAL,MT,723772595.6279677,2018-02-28
TOTAL GERAL,PA,942713525.3208488,2018-02-28
TOTAL GERAL,PB,525650859.0127621,2018-02-28
TOTAL GERAL,PE,1900690577.8223956,2018-02-28
TOTAL GERAL,PI,323002663.1669241,2018-02-28
TOTAL GERAL,PR,4703312320.777215,2018-02-28
TOTAL GERAL,RJ,16539090951.390507,2018-02-28
TOTAL GERAL,RN,465185194.2762667,2018-02-28
TOTAL GERAL,RO,245782951.12707797,2018-02-28
TOTAL GERAL,RR,93037959.49315736,2018-02-28
TOTAL GERAL,RS,5131443754.305698,2018-02-28
TOTAL GERAL,SC,4027373698.7186956,2018-02-28
TOTAL GERAL,SE,336402514.26713485,2018-02-28
TOTAL GERAL,SP,44718827738.19579,2018-02-28
TOTAL GERAL,TO,273758794.61958575,2018-02-28
TOTAL GERAL,AC,102834329.61349662,2018-03-31
TOTAL GERAL,AL,330012591.80296427,2018-03-31
TOTAL GERAL,AM,1340573815.5419166,2018-03-31
TOTAL GERAL,AP,81179513.42555027,2018-03-31
TOTAL GERAL,BA,2233981605.4375105,2018-03-31
TOTAL GERAL,CE,1516843555.33585,2018-03-31
TOTAL GERAL,DF,9058240491.244967,2018-03-31
TOTAL GERAL,ES,1509818306.4289894,2018-03-31
TOTAL GERAL,GO,1302462969.1375623,2018-03-31
TOTAL GERAL,MA,772374420.6094275,2018-03-31
TOTAL GERAL,MG,5633323374.0060425,2018-03-31
TOTAL GERAL,MS,560928141.0591447,2018-03-31
TOTAL GERAL,MT,772518418.2195578,2018-03-31
TOTAL GERAL,PA,1070300329.3286604,2018-03-31
TOTAL GERAL,PB,509779935.318773,2018-03-31
TOTAL GERAL,PE,1898396466.5127633,2018-03-31
TOTAL GERAL,PI,329645477.77656317,2018-03-31
TOTAL GERAL,PR,5051621216.04641,2018-03-31
TOTAL GERAL,RJ,18025783858.49957,2018-03-31
TOTAL GERAL,RN,465850689.53056484,2018-03-31
TOTAL GERAL,RO,296370090.7203079,2018-03-31
TOTAL GERAL,RR,101767488.9125835,2018-03-31
TOTAL GERAL,RS,5137615167.863398,2018-03-31
TOTAL GERAL,SC,4114176413.374456,2018-03-31
TOTAL GERAL,SE,329909412.23415667,2018-03-31
TOTAL GERAL,SP,42920270339.07408,2018-03-31
TOTAL GERAL,TO,192593046.84474367,2018-03-31
TOTAL GERAL,AC,118689671.92120513,2018-04-30
TOTAL GERAL,AL,447812966.70309657,2018-04-30
TOTAL GERAL,AM,1116444531.8128953,2018-04-30
TOTAL GERAL,AP,96061334.79525366,2018-04-30
TOTAL GERAL,BA,2902464483.2560997,2018-04-30
TOTAL GERAL,CE,1978280701.3353577,2018-04-30
TOTAL GERAL,DF,9785763245.205587,2018-04-30
TOTAL GERAL,ES,1834258981.1142266,2018-04-30
TOTAL GERAL,GO,1638548465.9105685,2018-04-30
TOTAL GERAL,MA,920788609.1361027,2018-04-30
TOTAL GERAL,MG,7069016338.593154,2018-04-30
TOTAL GERAL,MS,769237386.6133201,2018-04-30
TOTAL GERAL,MT,1023340310.4496199,2018-04-30
TOTAL GERAL,PA,1120783100.5997725,2018-04-30
TOTAL GERAL,PB,639274230.996127,2018-04-30
TOTAL GERAL,PE,2364960749.7716737,2018-04-30
TOTAL GERAL,PI,427732129.6345868,2018-04-30
TOTAL GERAL,PR,6338244783.241435,2018-04-30
TOTAL GERAL,RJ,25873822309.52134,2018-04-30
TOTAL GERAL,RN,622098959.6958681,2018-04-30
TOTAL GERAL,RO,309831500.7546026,2018-04-30
TOTAL GERAL,RR,123098196.25122741,2018-04-30
TOTAL GERAL,RS,6706562412.391399,2018-04-30
TOTAL GERAL,SC,5135441580.343965,2018-04-30
TOTAL GERAL,SE,451525030.6815943,2018-04-30
TOTAL GERAL,SP,50749260372.017456,2018-04-30
TOTAL GERAL,TO,243136681.92246366,2018-04-30
TOTAL GERAL,AC,111735934.66636078,2018-05-31
TOTAL GERAL,AL,359714589.30149424,2018-05-31
TOTAL GERAL,AM,1042309978.0227573,2018-05-31
TOTAL GERAL,AP,88769618.98605317,2018-05-31
TOTAL GERAL,BA,2387886974.387773,2018-05-31
TOTAL GERAL,CE,1888975394.1861339,2018-05-31
TOTAL GERAL,DF,9412435397.158636,2018-05-31
TOTAL GERAL,ES,1557239415.0394688,2018-05-31
TOTAL GERAL,GO,1408047651.3002818,2018-05-31
TOTAL GERAL,MA,578760227.5521806,2018-05-31
TOTAL GERAL,MG,5790809414.423593,2018-05-31
TOTAL GERAL,MS,642422331.7095276,2018-05-31
TOTAL GERAL,MT,829421517.4399085,2018-05-31
TOTAL GERAL,PA,965509955.9949732,2018-05-31
TOTAL GERAL,PB,542849684.3625042,2018-05-31
TOTAL GERAL,PE,2114996917.6824968,2018-05-31
TOTAL GERAL,PI,376693849.35606563,2018-05-31
TOTAL GERAL,PR,5104613344.774892,2018-05-31
TOTAL GERAL,RJ,18325072882.639374,2018-05-31
TOTAL GERAL,RN,498037300.1556236,2018-05-31
TOTAL GERAL,RO,254213972.5589843,2018-05-31
TOTAL GERAL,RR,104696518.76218843,2018-05-31
TOTAL GERAL,RS,5439673320.792763,2018-05-31
TOTAL GERAL,SC,4166824386.6228843,2018-05-31
TOTAL GERAL,SE,365149876.62128466,2018-05-31
TOTAL GERAL,SP,41628956520.42253,2018-05-31
TOTAL GERAL,TO,206544024.229264,2018-05-31
TOTAL GERAL,AC,108407797.6112023,2018-06-30
TOTAL GERAL,AL,339795336.28465444,2018-06-30
TOTAL GERAL,AM,1109933877.2685356,2018-06-30
TOTAL GERAL,AP,85512888.89681093,2018-06-30
TOTAL GERAL,BA,2332510547.1435833,2018-06-30
TOTAL GERAL,CE,1754739613.4557996,2018-06-30
TOTAL GERAL,DF,9740326292.307253,2018-06-30
TOTAL GERAL,ES,1636698871.4978342,2018-06-30
TOTAL GERAL,GO,1322733741.4700558,2018-06-30
TOTAL GERAL,MA,620766645.3620522,2018-06-30
TOTAL GERAL,MG,5957781268.715003,2018-06-30
TOTAL GERAL,MS,633668640.7211027,2018-06-30
TOTAL GERAL,MT,820393594.7859339,2018-06-30
TOTAL GERAL,PA,976685955.3359742,2018-06-30
TOTAL GERAL,PB,541136523.8818396,2018-06-30
TOTAL GERAL,PE,2084335901.0198376,2018-06-30
TOTAL GERAL,PI,367023224.41091067,2018-06-30
TOTAL GERAL,PR,5048694950.543057,2018-06-30
TOTAL GERAL,RJ,19386233291.595737,2018-06-30
TOTAL GERAL,RN,484944688.1535427,2018-06-30
TOTAL GERAL,RO,249641301.48846775,2018-06-30
TOTAL GERAL,RR,93003952.76762222,2018-06-30
TOTAL GERAL,RS,5596632376.065986,2018-06-30
TOTAL GERAL,SC,4396651166.836259,2018-06-30
TOTAL GERAL,SE,366993340.3120593,2018-06-30
TOTAL GERAL,SP,44581135687.44207,2018-06-30
TOTAL GERAL,TO,218655581.63682896,2018-06-30
TOTAL GERAL,AC,125795256.74156107,2018-07-31
TOTAL GERAL,AL,387131604.23999244,2018-07-31
TOTAL GERAL,AM,1149922808.7622683,2018-07-31
TOTAL GERAL,AP,97987272.34543552,2018-07-31
TOTAL GERAL,BA,2943538079.8710217,2018-07-31
TOTAL GERAL,CE,1806977187.7710264,2018-07-31
TOTAL GERAL,DF,9554855126.887907,2018-07-31
TOTAL GERAL,ES,1799643072.264281,2018-07-31
TOTAL GERAL,GO,1554205924.794061,2018-07-31
TOTAL GERAL,MA,656413472.2959192,2018-07-31
TOTAL GERAL,MG,6945624751.254605,2018-07-31
TOTAL GERAL,MS,687249719.3132168,2018-07-31
TOTAL GERAL,MT,960043439.3978634,2018-07-31
TOTAL GERAL,PA,1121378687.587685,2018-07-31
TOTAL GERAL,PB,599588985.4421084,2018-07-31
TOTAL GERAL,PE,2416187273.844188,2018-07-31
TOTAL GERAL,PI,410207492.4216639,2018-07-31
TOTAL GERAL,PR,5866523474.118147,2018-07-31
TOTAL GERAL,RJ,29296511540.353264,2018-07-31
TOTAL GERAL,RN,555723817.458173,2018-07-31
TOTAL GERAL,RO,292729773.89694047,2018-07-31
TOTAL GERAL,RR,107285213.65748325,2018-07-31
TOTAL GERAL,RS,6368227092.902995,2018-07-31
TOTAL GERAL,SC,5024246888.273882,2018-07-31
TOTAL GERAL,SE,384701201.63167346,2018-07-31
TOTAL GERAL,SP,48263906388.80604,2018-07-31
TOTAL GERAL,TO,238324734.4166009,2018-07-31
TOTAL GERAL,AC,115133288.57035813,2018-08-31
TOTAL GERAL,AL,364555510.59216267,2018-08-31
TOTAL GERAL,AM,1156593134.0136745,2018-08-31
TOTAL GERAL,AP,77517998.36247042,2018-08-31
TOTAL GERAL,BA,2551274105.22141,2018-08-31
TOTAL GERAL,CE,1646689102.4142127,2018-08-31
TOTAL GERAL,DF,9380499506.492207,2018-08-31
TOTAL GERAL,ES,1702749025.9614985,2018-08-31
TOTAL GERAL,GO,1407378641.8647988,2018-08-31
TOTAL GERAL,MA,641350739.7937212,2018-08-31
TOTAL GERAL,MG,6371654257.519426,2018-08-31
TOTAL GERAL,MS,620280794.7394979,2018-08-31
TOTAL GERAL,MT,872753537.1923205,2018-08-31
TOTAL GERAL,PA,1040581828.7215047,2018-08-31
TOTAL GERAL,PB,560429957.2955866,2018-08-31
TOTAL GERAL,PE,2037986644.316164,2018-08-31
TOTAL GERAL,PI,404835670.2522156,2018-08-31
TOTAL GERAL,PR,5360439878.930515,2018-08-31
TOTAL GERAL,RJ,18136334197.23946,2018-08-31
TOTAL GERAL,RN,505287397.50920767,2018-08-31
TOTAL GERAL,RO,261216076.5431774,2018-08-31
TOTAL GERAL,RR,98410434.2371504,2018-08-31
TOTAL GERAL,RS,5709965893.542014,2018-08-31
TOTAL GERAL,SC,4706187337.655,2018-08-31
TOTAL GERAL,SE,373732648.36233205,2018-08-31
TOTAL GERAL,SP,43425452086.08248,2018-08-31
TOTAL GERAL,TO,221816100.06543675,2018-08-31
TOTAL GERAL,AC,144858880.45791182,2018-09-30
TOTAL GERAL,AL,411443920.14818317,2018-09-30
TOTAL GERAL,AM,1233688821.9079053,2018-09-30
TOTAL GERAL,AP,100744168.56440172,2018-09-30
TOTAL GERAL,BA,2799002499.914386,2018-09-30
TOTAL GERAL,CE,1815688193.2412968,2018-09-30
TOTAL GERAL,DF,8358811717.782496,2018-09-30
TOTAL GERAL,ES,1866424138.159088,2018-09-30
TOTAL GERAL,GO,1755475296.2785287,2018-09-30
TOTAL GERAL,MA,880227923.5084407,2018-09-30
TOTAL GERAL,MG,6931833079.268444,2018-09-30
TOTAL GERAL,MS,894186500.2118664,2018-09-30
TOTAL GERAL,MT,1154576461.9015057,2018-09-30
TOTAL GERAL,PA,1220914752.1532736,2018-09-30
TOTAL GERAL,PB,680854713.7502246,2018-09-30
TOTAL GERAL,PE,2303609791.1569896,2018-09-30
TOTAL GERAL,PI,441391200.0571389,2018-09-30
TOTAL GERAL,PR,5682919109.126108,2018-09-30
TOTAL GERAL,RJ,18527382757.51423,2018-09-30
TOTAL GERAL,RN,607265081.7865118,2018-09-30
TOTAL GERAL,RO,310047325.3396875,2018-09-30
TOTAL GERAL,RR,115831556.92328262,2018-09-30
TOTAL GERAL,RS,5961752010.073725,2018-09-30
TOTAL GERAL,SC,4865790978.221777,2018-09-30
TOTAL GERAL,SE,404646286.9933762,2018-09-30
TOTAL GERAL,SP,40903692293.37936,2018-09-30
TOTAL GERAL,TO,290510662.65987337,2018-09-30
TOTAL GERAL,AC,176984367.83414304,2018-10-31
TOTAL GERAL,AL,503148615.0018243,2018-10-31
TOTAL GERAL,AM,1202748531.279081,2018-10-31
TOTAL GERAL,AP,138479822.9482937,2018-10-31
TOTAL GERAL,BA,3131595894.5933824,2018-10-31
TOTAL GERAL,CE,2041506649.4567437,2018-10-31
TOTAL GERAL,DF,8532604243.477978,2018-10-31
TOTAL GERAL,ES,2058526993.5202057,2018-10-31
TOTAL GERAL,GO,1845411974.53485,2018-10-31
TOTAL GERAL,MA,1143268786.3748453,2018-10-31
TOTAL GERAL,MG,7810275265.137729,2018-10-31
TOTAL GERAL,MS,891353240.5317154,2018-10-31
TOTAL GERAL,MT,1290715859.3956935,2018-10-31
TOTAL GERAL,PA,1351452743.1858315,2018-10-31
TOTAL GERAL,PB,777193037.2400734,2018-10-31
TOTAL GERAL,PE,2432838651.386259,2018-10-31
TOTAL GERAL,PI,565802047.8559588,2018-10-31
TOTAL GERAL,PR,6280047088.408545,2018-10-31
TOTAL GERAL,RJ,29599860498.618793,2018-10-31
TOTAL GERAL,RN,688545725.7593219,2018-10-31
TOTAL GERAL,RO,507970209.6440869,2018-10-31
TOTAL GERAL,RR,127791496.42023669,2018-10-31
TOTAL GERAL,RS,6553532518.9333,2018-10-31
TOTAL GERAL,SC,5565702055.625132,2018-10-31
TOTAL GERAL,SE,445911889.51124793,2018-10-31
TOTAL GERAL,SP,45903035516.768265,2018-10-31
TOTAL GERAL,TO,314105900.4664726,2018-10-31
TOTAL GERAL,AC,164550561.3412607,2018-11-30
TOTAL GERAL,AL,495688571.3747013,2018-11-30
TOTAL GERAL,AM,1286089720.676117,2018-11-30
TOTAL GERAL,AP,134655590.66491646,2018-11-30
TOTAL GERAL,BA,3041922355.151752,2018-11-30
TOTAL GERAL,CE,1935468112.9533863,2018-11-30
TOTAL GERAL,DF,10152480288.167334,2018-11-30
TOTAL GERAL,ES,1950209895.2931395,2018-11-30
TOTAL GERAL,GO,1698744306.8386683,2018-11-30
TOTAL GERAL,MA,854816841.8143148,2018-11-30
TOTAL GERAL,MG,7880490439.047316,2018-11-30
TOTAL GERAL,MS,871753215.3725052,2018-11-30
TOTAL GERAL,MT,1137882389.6915567,2018-11-30
TOTAL GERAL,PA,1378511723.0639496,2018-11-30
TOTAL GERAL,PB,761559579.140319,2018-11-30
TOTAL GERAL,PE,2499168085.6892066,2018-11-30
TOTAL GERAL,PI,531874509.4502255,2018-11-30
TOTAL GERAL,PR,6013082249.410457,2018-11-30
TOTAL GERAL,RJ,19406711543.12521,2018-11-30
TOTAL GERAL,RN,667947194.2108843,2018-11-30
TOTAL GERAL,RO,347962298.62364715,2018-11-30
TOTAL GERAL,RR,141008285.71361774,2018-11-30
TOTAL GERAL,RS,6063567147.026812,2018-11-30
TOTAL GERAL,SC,5138199270.08713,2018-11-30
TOTAL GERAL,SE,448992237.3037865,2018-11-30
TOTAL GERAL,SP,44099894391.17882,2018-11-30
TOTAL GERAL,TO,317125199.61896724,2018-11-30
TOTAL GERAL,AC,273030086.1847555,2018-12-31
TOTAL GERAL,AL,593601629.6374675,2018-12-31
TOTAL GERAL,AM,1585533523.2797654,2018-12-31
TOTAL GERAL,AP,147354599.72628623,2018-12-31
TOTAL GERAL,BA,3607470983.2336063,2018-12-31
TOTAL GERAL,CE,2354222789.9932456,2018-12-31
TOTAL GERAL,DF,10933468996.70151,2018-12-31
TOTAL GERAL,ES,2231725136.814259,2018-12-31
TOTAL GERAL,GO,2173803309.5076857,2018-12-31
TOTAL GERAL,MA,1011116814.383076,2018-12-31
TOTAL GERAL,MG,9049279929.71954,2018-12-31
TOTAL GERAL,MS,1087960593.8559082,2018-12-31
TOTAL GERAL,MT,1466799554.8937252,2018-12-31
TOTAL GERAL,PA,1605206356.1920354,2018-12-31
TOTAL GERAL,PB,929601513.516009,2018-12-31
TOTAL GERAL,PE,2907497097.9416256,2018-12-31
TOTAL GERAL,PI,564615848.7986155,2018-12-31
TOTAL GERAL,PR,7166171402.231544,2018-12-31
TOTAL GERAL,RJ,20993146303.983784,2018-12-31
TOTAL GERAL,RN,783614013.0260644,2018-12-31
TOTAL GERAL,RO,446795537.8217462,2018-12-31
TOTAL GERAL,RR,184839210.13159066,2018-12-31
TOTAL GERAL,RS,7256109787.523253,2018-12-31
TOTAL GERAL,SC,6042832497.393865,2018-12-31
TOTAL GERAL,SE,559112003.7001166,2018-12-31
TOTAL GERAL,SP,55199520084.718315,2018-12-31
TOTAL GERAL,TO,374138715.6306194,2018-12-31
TOTAL GERAL,AC,160151140.7446772,2019-01-31
TOTAL GERAL,AL,508999022.6642788,2019-01-31
TOTAL GERAL,AM,1452167018.0037384,2019-01-31
TOTAL GERAL,AP,140286437.5205771,2019-01-31
TOTAL GERAL,BA,3473151371.667199,2019-01-31
TOTAL GERAL,CE,2216788387.625305,2019-01-31
TOTAL GERAL,DF,11361416320.675404,2019-01-31
TOTAL GERAL,ES,2783220084.245833,2019-01-31
TOTAL GERAL,GO,2065922799.5683537,2019-01-31
TOTAL GERAL,MA,1091879415.547585,2019-01-31
TOTAL GERAL,MG,11112518393.380041,2019-01-31
TOTAL GERAL,MS,851443103.2257441,2019-01-31
TOTAL GERAL,MT,1296493167.6595314,2019-01-31
TOTAL GERAL,PA,1489534413.6944776,2019-01-31
TOTAL GERAL,PB,790210506.7338696,2019-01-31
TOTAL GERAL,PE,2641885356.931159,2019-01-31
TOTAL GERAL,PI,612480310.3714273,2019-01-31
TOTAL GERAL,PR,7461494466.9225,2019-01-31
TOTAL GERAL,RJ,33176851200.081505,2019-01-31
TOTAL GERAL,RN,724512871.7984569,2019-01-31
TOTAL GERAL,RO,356790128.56053734,2019-01-31
TOTAL GERAL,RR,180001928.5783282,2019-01-31
TOTAL GERAL,RS,7408430640.015851,2019-01-31
TOTAL GERAL,SC,6204244460.883956,2019-01-31
TOTAL GERAL,SE,527768626.26375103,2019-01-31
TOTAL GERAL,SP,59988341068.14529,2019-01-31
TOTAL GERAL,TO,348538081.95061696,2019-01-31
TOTAL GERAL,AC,123695117.60381138,2019-02-28
TOTAL GERAL,AL,464452009.2300229,2019-02-28
TOTAL GERAL,AM,1348897144.4045072,2019-02-28
TOTAL GERAL,AP,109390695.96488516,2019-02-28
TOTAL GERAL,BA,2849205759.011493,2019-02-28
TOTAL GERAL,CE,1760401900.3755174,2019-02-28
TOTAL GERAL,DF,8093040088.966119,2019-02-28
TOTAL GERAL,ES,1761960128.3888655,2019-02-28
TOTAL GERAL,GO,1630286986.3530042,2019-02-28
TOTAL GERAL,MA,967428102.7701164,2019-02-28
TOTAL GERAL,MG,7391621937.968078,2019-02-28
TOTAL GERAL,MS,789263659.1525259,2019-02-28
TOTAL GERAL,MT,990780376.4689953,2019-02-28
TOTAL GERAL,PA,1315288915.836075,2019-02-28
TOTAL GERAL,PB,699154340.7516488,2019-02-28
TOTAL GERAL,PE,2155935156.6344995,2019-02-28
TOTAL GERAL,PI,473111701.07556677,2019-02-28
TOTAL GERAL,PR,5408192929.431581,2019-02-28
TOTAL GERAL,RJ,20125528486.18586,2019-02-28
TOTAL GERAL,RN,623543694.4431399,2019-02-28
TOTAL GERAL,RO,301998253.09039927,2019-02-28
TOTAL GERAL,RR,123470737.39326449,2019-02-28
TOTAL GERAL,RS,5755713492.670242,2019-02-28
TOTAL GERAL,SC,4919747360.35141,2019-02-28
TOTAL GERAL,SE,505675266.22180223,2019-02-28
TOTAL GERAL,SP,44086001449.48933,2019-02-28
TOTAL GERAL,TO,287794547.7872296,2019-02-28
TOTAL GERAL,AC,125879944.28075473,2019-03-31
TOTAL GERAL,AL,431431600.0273342,2019-03-31
TOTAL GERAL,AM,1401768700.600537,2019-03-31
TOTAL GERAL,AP,101741225.02613576,2019-03-31
TOTAL GERAL,BA,2792417125.948182,2019-03-31
TOTAL GERAL,CE,1756617065.6862373,2019-03-31
TOTAL GERAL,DF,8161504989.642105,2019-03-31
TOTAL GERAL,ES,1839559530.6913145,2019-03-31
TOTAL GERAL,GO,1635712102.845929,2019-03-31
TOTAL GERAL,MA,891981605.1471856,2019-03-31
TOTAL GERAL,MG,7157093043.124319,2019-03-31
TOTAL GERAL,MS,760073250.7790599,2019-03-31
TOTAL GERAL,MT,1030151502.7493023,2019-03-31
TOTAL GERAL,PA,1192961952.518665,2019-03-31
TOTAL GERAL,PB,671099653.8648832,2019-03-31
TOTAL GERAL,PE,2322767788.301275,2019-03-31
TOTAL GERAL,PI,436330848.84930754,2019-03-31
TOTAL GERAL,PR,5691144733.306609,2019-03-31
TOTAL GERAL,RJ,16419293007.146978,2019-03-31
TOTAL GERAL,RN,616546781.5531243,2019-03-31
TOTAL GERAL,RO,333667978.84806985,2019-03-31
TOTAL GERAL,RR,115321046.34642701,2019-03-31
TOTAL GERAL,RS,5581372773.468377,2019-03-31
TOTAL GERAL,SC,5032899472.173887,2019-03-31
TOTAL GERAL,SE,444317423.52383924,2019-03-31
TOTAL GERAL,SP,42656062213.173584,2019-03-31
TOTAL GERAL,TO,254348069.55658218,2019-03-31
TOTAL GERAL,AC,147469758.0688604,2019-04-30
TOTAL GERAL,AL,551040579.5717756,2019-04-30
TOTAL GERAL,AM,1417281204.9953568,2019-04-30
TOTAL GERAL,AP,118217253.57798237,2019-04-30
TOTAL GERAL,BA,3165355730.633803,2019-04-30
TOTAL GERAL,CE,2215423068.0982103,2019-04-30
TOTAL GERAL,DF,9044245928.132433,2019-04-30
TOTAL GERAL,ES,2052471048.5742621,2019-04-30
TOTAL GERAL,GO,1960992055.811594,2019-04-30
TOTAL GERAL,MA,1151339824.5110395,2019-04-30
TOTAL GERAL,MG,9429824131.079163,2019-04-30
TOTAL GERAL,MS,1001148894.985115,2019-04-30
TOTAL GERAL,MT,1311120331.2164793,2019-04-30
TOTAL GERAL,PA,1360625904.986729,2019-04-30
TOTAL GERAL,PB,828670095.6160355,2019-04-30
TOTAL GERAL,PE,2634443853.546991,2019-04-30
TOTAL GERAL,PI,581000265.5227482,2019-04-30
TOTAL GERAL,PR,6953616623.788764,2019-04-30
TOTAL GERAL,RJ,28002854263.527596,2019-04-30
TOTAL GERAL,RN,751354605.8518287,2019-04-30
TOTAL GERAL,RO,355893611.69492614,2019-04-30
TOTAL GERAL,RR,130659071.73171283,2019-04-30
TOTAL GERAL,RS,7311674831.658333,2019-04-30
TOTAL GERAL,SC,5758150218.957057,2019-04-30
TOTAL GERAL,SE,531485167.76667595,2019-04-30
TOTAL GERAL,SP,49961263143.746315,2019-04-30
TOTAL GERAL,TO,302024455.4582207,2019-04-30
TOTAL GERAL,AC,160266845.90279287,2019-05-31
TOTAL GERAL,AL,526989696.6489474,2019-05-31
TOTAL GERAL,AM,1324478944.4567802,2019-05-31
TOTAL GERAL,AP,137160580.89830342,2019-05-31
TOTAL GERAL,BA,3019153739.977806,2019-05-31
TOTAL GERAL,CE,1917998249.977918,2019-05-31
TOTAL GERAL,DF,9950765217.670156,2019-05-31
TOTAL GERAL,ES,1880905751.2629998,2019-05-31
TOTAL GERAL,GO,1752174873.6750739,2019-05-31
TOTAL GERAL,MA,995617205.9338297,2019-05-31
TOTAL GERAL,MG,7931296821.926292,2019-05-31
TOTAL GERAL,MS,855753811.8504401,2019-05-31
TOTAL GERAL,MT,1144023526.1094246,2019-05-31
TOTAL GERAL,PA,1345838284.5510678,2019-05-31
TOTAL GERAL,PB,767268838.9825482,2019-05-31
TOTAL GERAL,PE,2313512827.2157097,2019-05-31
TOTAL GERAL,PI,537342012.2229383,2019-05-31
TOTAL GERAL,PR,5792331165.256923,2019-05-31
TOTAL GERAL,RJ,16822258237.021868,2019-05-31
TOTAL GERAL,RN,668509668.9373446,2019-05-31
TOTAL GERAL,RO,314473645.1749751,2019-05-31
TOTAL GERAL,RR,138419084.97481152,2019-05-31
TOTAL GERAL,RS,5665327730.132193,2019-05-31
TOTAL GERAL,SC,5015914650.704772,2019-05-31
TOTAL GERAL,SE,498497088.45191115,2019-05-31
TOTAL GERAL,SP,41481489061.88218,2019-05-31
TOTAL GERAL,TO,320242008.1999904,2019-05-31
TOTAL GERAL,AC,172171956.12259907,2019-06-30
TOTAL GERAL,AL,512947206.39338887,2019-06-30
TOTAL GERAL,AM,1413358853.5006714,2019-06-30
TOTAL GERAL,AP,124283358.81029554,2019-06-30
TOTAL GERAL,BA,2923710499.590054,2019-06-30
TOTAL GERAL,CE,1962486138.1765792,2019-06-30
TOTAL GERAL,DF,9320123682.137825,2019-06-30
TOTAL GERAL,ES,1998619817.2956545,2019-06-30
TOTAL GERAL,GO,1765244174.900224,2019-06-30
TOTAL GERAL,MA,942846708.6140442,2019-06-30
TOTAL GERAL,MG,7538118567.195119,2019-06-30
TOTAL GERAL,MS,859015787.1900533,2019-06-30
TOTAL GERAL,MT,1193419782.6842222,2019-06-30
TOTAL GERAL,PA,1447632265.0147228,2019-06-30
TOTAL GERAL,PB,789860996.303245,2019-06-30
TOTAL GERAL,PE,2550966212.8227277,2019-06-30
TOTAL GERAL,PI,520657208.98360074,2019-06-30
TOTAL GERAL,PR,5904878081.450049,2019-06-30
TOTAL GERAL,RJ,20161354749.54249,2019-06-30
TOTAL GERAL,RN,684743399.5580164,2019-06-30
TOTAL GERAL,RO,324875171.7519098,2019-06-30
TOTAL GERAL,RR,138670571.05919683,2019-06-30
TOTAL GERAL,RS,5857667779.104625,2019-06-30
TOTAL GERAL,SC,5027827706.226087,2019-06-30
TOTAL GERAL,SE,509596030.487715,2019-06-30
TOTAL GERAL,SP,44964348735.52856,2019-06-30
TOTAL GERAL,TO,336972323.5163384,2019-06-30
TOTAL GERAL,AC,189784647.105842,2019-07-31
TOTAL GERAL,AL,523035671.901575,2019-07-31
TOTAL GERAL,AM,1721668248.23137,2019-07-31
TOTAL GERAL,AP,139289192.61564,2019-07-31
TOTAL GERAL,BA,3300481740.55437,2019-07-31
TOTAL GERAL,CE,2273818293.26031,2019-07-31
TOTAL GERAL,DF,9891502800.21414,2019-07-31
TOTAL GERAL,ES,2151988978.1004,2019-07-31
TOTAL GERAL,GO,1911779758.43228,2019-07-31
TOTAL GERAL,MA,1068808450.59791,2019-07-31
TOTAL GERAL,MG,8825873412.22386,2019-07-31
TOTAL GERAL,MS,919628851.682542,2019-07-31
TOTAL GERAL,MT,1299183350.90787,2019-07-31
TOTAL GERAL,PA,1503355518.73261,2019-07-31
TOTAL GERAL,PB,827254890.450159,2019-07-31
TOTAL GERAL,PE,2653975941.58189,2019-07-31
TOTAL GERAL,PI,553715436.44864,2019-07-31
TOTAL GERAL,PR,6483434744.11169,2019-07-31
TOTAL GERAL,RJ,29831759086.1404,2019-07-31
TOTAL GERAL,RN,735207749.806747,2019-07-31
TOTAL GERAL,RO,369978851.782077,2019-07-31
TOTAL GERAL,RR,152075369.875512,2019-07-31
TOTAL GERAL,RS,6721108222.85655,2019-07-31
TOTAL GERAL,SC,5556560599.83964,2019-07-31
TOTAL GERAL,SE,516903317.544069,2019-07-31
TOTAL GERAL,SP,47252045765.2339,2019-07-31
TOTAL GERAL,TO,360327022.748069,2019-07-31
TOTAL GERAL,AC,165257525.76343024,2019-08-31
TOTAL GERAL,AL,487591299.68332934,2019-08-31
TOTAL GERAL,AM,1445001744.3383262,2019-08-31
TOTAL GERAL,AP,130155951.45579825,2019-08-31
TOTAL GERAL,BA,2918374609.5368967,2019-08-31
TOTAL GERAL,CE,1878239936.4604473,2019-08-31
TOTAL GERAL,DF,11031954109.678047,2019-08-31
TOTAL GERAL,ES,1996080439.8151324,2019-08-31
TOTAL GERAL,GO,1661567889.1633635,2019-08-31
TOTAL GERAL,MA,1025670242.3790973,2019-08-31
TOTAL GERAL,MG,8444823366.519896,2019-08-31
TOTAL GERAL,MS,787753871.901268,2019-08-31
TOTAL GERAL,MT,1180435968.4393902,2019-08-31
TOTAL GERAL,PA,1444702768.6146028,2019-08-31
TOTAL GERAL,PB,756013453.2358747,2019-08-31
TOTAL GERAL,PE,2479328618.207986,2019-08-31
TOTAL GERAL,PI,548943323.8166274,2019-08-31
TOTAL GERAL,PR,5893794274.346084,2019-08-31
TOTAL GERAL,RJ,19785022809.52027,2019-08-31
TOTAL GERAL,RN,683571620.8777578,2019-08-31
TOTAL GERAL,RO,324930396.1149653,2019-08-31
TOTAL GERAL,RR,138837696.95733914,2019-08-31
TOTAL GERAL,RS,5657218786.529713,2019-08-31
TOTAL GERAL,SC,5293318793.254678,2019-08-31
TOTAL GERAL,SE,479144044.0658601,2019-08-31
TOTAL GERAL,SP,42976980759.97394,2019-08-31
TOTAL GERAL,TO,336634394.2898846,2019-08-31
TOTAL GERAL,AC,174012007.70590866,2019-09-30
TOTAL GERAL,AL,474348795.41076267,2019-09-30
TOTAL GERAL,AM,1407097064.2842126,2019-09-30
TOTAL GERAL,AP,131521873.64579442,2019-09-30
TOTAL GERAL,BA,2984295835.7302036,2019-09-30
TOTAL GERAL,CE,1959419823.7490416,2019-09-30
TOTAL GERAL,DF,9771800494.79957,2019-09-30
TOTAL GERAL,ES,1968795364.4753687,2019-09-30
TOTAL GERAL,GO,1795880525.2209983,2019-09-30
TOTAL GERAL,MA,1213557255.0016055,2019-09-30
TOTAL GERAL,MG,7769749100.899022,2019-09-30
TOTAL GERAL,MS,957715577.0014055,2019-09-30
TOTAL GERAL,MT,1328108637.7311552,2019-09-30
TOTAL GERAL,PA,1374782592.9589794,2019-09-30
TOTAL GERAL,PB,763091446.8555831,2019-09-30
TOTAL GERAL,PE,2447238586.259805,2019-09-30
TOTAL GERAL,PI,545503355.2933017,2019-09-30
TOTAL GERAL,PR,5924600959.49681,2019-09-30
TOTAL GERAL,RJ,17207936113.95223,2019-09-30
TOTAL GERAL,RN,646809704.0804745,2019-09-30
TOTAL GERAL,RO,319549513.1390386,2019-09-30
TOTAL GERAL,RR,131169301.85081187,2019-09-30
TOTAL GERAL,RS,5777420655.221294,2019-09-30
TOTAL GERAL,SC,5446081898.472532,2019-09-30
TOTAL GERAL,SE,476244565.84853256,2019-09-30
TOTAL GERAL,SP,40579285333.56307,2019-09-30
TOTAL GERAL,TO,357455660.47248536,2019-09-30
TOTAL GERAL,AC,174811404.85191387,2019-10-31
TOTAL GERAL,AL,515393778.5197806,2019-10-31
TOTAL GERAL,AM,1511709941.6636317,2019-10-31
TOTAL GERAL,AP,136423429.70769823,2019-10-31
TOTAL GERAL,BA,3301549759.6053853,2019-10-31
TOTAL GERAL,CE,2247782317.6072736,2019-10-31
TOTAL GERAL,DF,9264637842.827852,2019-10-31
TOTAL GERAL,ES,2291685502.1431055,2019-10-31
TOTAL GERAL,GO,1971707885.9860415,2019-10-31
TOTAL GERAL,MA,1296155758.8104289,2019-10-31
TOTAL GERAL,MG,8525872725.183812,2019-10-31
TOTAL GERAL,MS,970231516.4708093,2019-10-31
TOTAL GERAL,MT,1447782341.8052654,2019-10-31
TOTAL GERAL,PA,1592219268.115133,2019-10-31
TOTAL GERAL,PB,829787331.2719692,2019-10-31
TOTAL GERAL,PE,2835015348.273878,2019-10-31
TOTAL GERAL,PI,593590808.0047549,2019-10-31
TOTAL GERAL,PR,6624412315.8918915,2019-10-31
TOTAL GERAL,RJ,26287977497.13852,2019-10-31
TOTAL GERAL,RN,747200460.6132892,2019-10-31
TOTAL GERAL,RO,340824575.5469638,2019-10-31
TOTAL GERAL,RR,157528389.9276749,2019-10-31
TOTAL GERAL,RS,6706883025.839578,2019-10-31
TOTAL GERAL,SC,6123770402.483111,2019-10-31
TOTAL GERAL,SE,491584784.1004563,2019-10-31
TOTAL GERAL,SP,47811927141.43079,2019-10-31
TOTAL GERAL,TO,403928131.9389826,2019-10-31
TOTAL GERAL,AC,191274315.30077973,2019-11-30
TOTAL GERAL,AL,524776490.64584756,2019-11-30
TOTAL GERAL,AM,1332437391.940647,2019-11-30
TOTAL GERAL,AP,136111381.97050294,2019-11-30
TOTAL GERAL,BA,3190451027.873574,2019-11-30
TOTAL GERAL,CE,2181699276.195967,2019-11-30
TOTAL GERAL,DF,11693915237.823793,2019-11-30
TOTAL GERAL,ES,2094314174.5038948,2019-11-30
TOTAL GERAL,GO,1897963418.5836391,2019-11-30
TOTAL GERAL,MA,1041781208.8503265,2019-11-30
TOTAL GERAL,MG,8194747081.550853,2019-11-30
TOTAL GERAL,MS,946868887.8022854,2019-11-30
TOTAL GERAL,MT,1328425510.4402418,2019-11-30
TOTAL GERAL,PA,1556835244.7298417,2019-11-30
TOTAL GERAL,PB,896968814.1990681,2019-11-30
TOTAL GERAL,PE,2605403184.917698,2019-11-30
TOTAL GERAL,PI,601777518.0606757,2019-11-30
TOTAL GERAL,PR,6338287045.254542,2019-11-30
TOTAL GERAL,RJ,18400151902.128967,2019-11-30
TOTAL GERAL,RN,757425135.0399262,2019-11-30
TOTAL GERAL,RO,377323808.9082924,2019-11-30
TOTAL GERAL,RR,167959868.14542267,2019-11-30
TOTAL GERAL,RS,5988267591.007849,2019-11-30
TOTAL GERAL,SC,5423860788.103108,2019-11-30
TOTAL GERAL,SE,505769254.9130845,2019-11-30
TOTAL GERAL,SP,46410295930.54175,2019-11-30
TOTAL GERAL,TO,375900650.767419,2019-11-30
TOTAL GERAL,AC,292228589.61505765,2019-12-31
TOTAL GERAL,AL,571185866.8666456,2019-12-31
TOTAL GERAL,AM,1610214666.598295,2019-12-31
TOTAL GERAL,AP,178808702.80269924,2019-12-31
TOTAL GERAL,BA,3913982395.571114,2019-12-31
TOTAL GERAL,CE,2483303513.906166,2019-12-31
TOTAL GERAL,DF,11324072765.36462,2019-12-31
TOTAL GERAL,ES,2260172173.5693545,2019-12-31
TOTAL GERAL,GO,2110645943.3602178,2019-12-31
TOTAL GERAL,MA,1130932984.5417438,2019-12-31
TOTAL GERAL,MG,9171582405.483665,2019-12-31
TOTAL GERAL,MS,1212800656.5970197,2019-12-31
TOTAL GERAL,MT,1762623446.3867292,2019-12-31
TOTAL GERAL,PA,1980676633.8307676,2019-12-31
TOTAL GERAL,PB,1036821111.1252834,2019-12-31
TOTAL GERAL,PE,3206734752.8577623,2019-12-31
TOTAL GERAL,PI,610674854.6631913,2019-12-31
TOTAL GERAL,PR,7996768456.658516,2019-12-31
TOTAL GERAL,RJ,21041665922.58823,2019-12-31
TOTAL GERAL,RN,842236011.8726088,2019-12-31
TOTAL GERAL,RO,485625169.3701118,2019-12-31
TOTAL GERAL,RR,226423296.91388562,2019-12-31
TOTAL GERAL,RS,7509903725.796685,2019-12-31
TOTAL GERAL,SC,6526541321.896273,2019-12-31
TOTAL GERAL,SE,714171705.3419694,2019-12-31
TOTAL GERAL,SP,56950139810.801094,2019-12-31
TOTAL GERAL,TO,349784534.3903137,2019-12-31
TOTAL GERAL,AC,177301568.20931605,2020-01-31
TOTAL GERAL,AL,582079739.3392081,2020-01-31
TOTAL GERAL,AM,1603915276.2437208,2020-01-31
TOTAL GERAL,AP,151944442.86161768,2020-01-31
TOTAL GERAL,BA,3461202680.850306,2020-01-31
TOTAL GERAL,CE,2809246401.2162647,2020-01-31
TOTAL GERAL,DF,11309466854.341963,2020-01-31
TOTAL GERAL,ES,2761812584.039847,2020-01-31
TOTAL GERAL,GO,2180415288.5798464,2020-01-31
TOTAL GERAL,MA,1196866293.1179645,2020-01-31
TOTAL GERAL,MG,12399081571.09277,2020-01-31
TOTAL GERAL,MS,990414147.9741632,2020-01-31
TOTAL GERAL,MT,1528176273.0165899,2020-01-31
TOTAL GERAL,PA,1773648306.0415995,2020-01-31
TOTAL GERAL,PB,931551241.6842881,2020-01-31
TOTAL GERAL,PE,2927270691.4802904,2020-01-31
TOTAL GERAL,PI,735352973.8484935,2020-01-31
TOTAL GERAL,PR,7758478809.658573,2020-01-31
TOTAL GERAL,RJ,34886487600.36402,2020-01-31
TOTAL GERAL,RN,906121107.35654,2020-01-31
TOTAL GERAL,RO,385162045.5309471,2020-01-31
TOTAL GERAL,RR,163800511.69867498,2020-01-31
TOTAL GERAL,RS,8058427447.794403,2020-01-31
TOTAL GERAL,SC,6605653490.280696,2020-01-31
TOTAL GERAL,SE,571538504.332798,2020-01-31
TOTAL GERAL,SP,67756193358.24445,2020-01-31
TOTAL GERAL,TO,378956156.6006328,2020-01-31
TOTAL GERAL,AC,153095359.6719262,2020-02-29
TOTAL GERAL,AL,512304160.18761444,2020-02-29
TOTAL GERAL,AM,1417264176.812503,2020-02-29
TOTAL GERAL,AP,129451447.93490075,2020-02-29
TOTAL GERAL,BA,2897900872.0964775,2020-02-29
TOTAL GERAL,CE,2004605257.9424236,2020-02-29
TOTAL GERAL,DF,8644249365.569607,2020-02-29
TOTAL GERAL,ES,1859495214.969484,2020-02-29
TOTAL GERAL,GO,1689098251.0619502,2020-02-29
TOTAL GERAL,MA,977879154.259414,2020-02-29
TOTAL GERAL,MG,7689562227.973127,2020-02-29
TOTAL GERAL,MS,819683538.3276556,2020-02-29
TOTAL GERAL,MT,1205851114.3549733,2020-02-29
TOTAL GERAL,PA,1526973085.6830046,2020-02-29
TOTAL GERAL,PB,815413897.8138756,2020-02-29
TOTAL GERAL,PE,2384862680.4633517,2020-02-29
TOTAL GERAL,PI,607291521.9639847,2020-02-29
TOTAL GERAL,PR,5594544664.668961,2020-02-29
TOTAL GERAL,RJ,18303087351.299835,2020-02-29
TOTAL GERAL,RN,758157079.4609873,2020-02-29
TOTAL GERAL,RO,314366308.42643374,2020-02-29
TOTAL GERAL,RR,146792725.14833468,2020-02-29
TOTAL GERAL,RS,5589802414.37817,2020-02-29
TOTAL GERAL,SC,5091098026.88765,2020-02-29
TOTAL GERAL,SE,488005382.83363175,2020-02-29
TOTAL GERAL,SP,44486954259.33452,2020-02-29
TOTAL GERAL,TO,322570200.1652027,2020-02-29
TOTAL GERAL,AC,167681509.9954939,2020-03-31
TOTAL GERAL,AL,465736565.3617218,2020-03-31
TOTAL GERAL,AM,1184082816.073911,2020-03-31
TOTAL GERAL,AP,118503773.99460645,2020-03-31
TOTAL GERAL,BA,2758625146.2985387,2020-03-31
TOTAL GERAL,CE,1905100973.0408258,2020-03-31
TOTAL GERAL,DF,8800157970.306181,2020-03-31
TOTAL GERAL,ES,1789214804.6928093,2020-03-31
TOTAL GERAL,GO,1658389500.6925087,2020-03-31
TOTAL GERAL,MA,945844014.9998692,2020-03-31
TOTAL GERAL,MG,6977283708.09559,2020-03-31
TOTAL GERAL,MS,753019034.2040955,2020-03-31
TOTAL GERAL,MT,1107851922.098362,2020-03-31
TOTAL GERAL,PA,1369293605.2904594,2020-03-31
TOTAL GERAL,PB,749156926.4272218,2020-03-31
TOTAL GERAL,PE,2292220941.8928876,2020-03-31
TOTAL GERAL,PI,469886303.18119067,2020-03-31
TOTAL GERAL,PR,6243593626.374174,2020-03-31
TOTAL GERAL,RJ,15802283076.82264,2020-03-31
TOTAL GERAL,RN,649657159.6295489,2020-03-31
TOTAL GERAL,RO,373682263.5389422,2020-03-31
TOTAL GERAL,RR,153811805.3800188,2020-03-31
TOTAL GERAL,RS,5243845825.398851,2020-03-31
TOTAL GERAL,SC,5063144786.048523,2020-03-31
TOTAL GERAL,SE,475552446.1629038,2020-03-31
TOTAL GERAL,SP,41871250742.38833,2020-03-31
TOTAL GERAL,TO,328637711.44981027,2020-03-31
TOTAL GERAL,AC,140554498.18703082,2020-04-30
TOTAL GERAL,AL,376099534.66386354,2020-04-30
TOTAL GERAL,AM,1129736282.9951952,2020-04-30
TOTAL GERAL,AP,106874379.24071059,2020-04-30
TOTAL GERAL,BA,2192306984.431651,2020-04-30
TOTAL GERAL,CE,1527245529.814244,2020-04-30
TOTAL GERAL,DF,8150957873.34903,2020-04-30
TOTAL GERAL,ES,1582020500.7910204,2020-04-30
TOTAL GERAL,GO,1271839535.4169426,2020-04-30
TOTAL GERAL,MA,978260738.6580896,2020-04-30
TOTAL GERAL,MG,6312414953.764776,2020-04-30
TOTAL GERAL,MS,678171557.0075215,2020-04-30
TOTAL GERAL,MT,1010154087.4835998,2020-04-30
TOTAL GERAL,PA,1161110583.9141593,2020-04-30
TOTAL GERAL,PB,567370493.7161874,2020-04-30
TOTAL GERAL,PE,1862916011.190374,2020-04-30
TOTAL GERAL,PI,380048679.91120243,2020-04-30
TOTAL GERAL,PR,5043565969.258025,2020-04-30
TOTAL GERAL,RJ,18372548986.446342,2020-04-30
TOTAL GERAL,RN,577686529.9497663,2020-04-30
TOTAL GERAL,RO,293259346.5502258,2020-04-30
TOTAL GERAL,RR,124020479.66005133,2020-04-30
TOTAL GERAL,RS,4439432375.741065,2020-04-30
TOTAL GERAL,SC,4208429802.2499137,2020-04-30
TOTAL GERAL,SE,435085449.3955297,2020-04-30
TOTAL GERAL,SP,37973040767.455574,2020-04-30
TOTAL GERAL,TO,259055842.227908,2020-04-30
TOTAL GERAL,AC,81335860.81475475,2020-05-31
TOTAL GERAL,AL,240850904.11102846,2020-05-31
TOTAL GERAL,AM,647829690.3979995,2020-05-31
TOTAL GERAL,AP,70288029.00717618,2020-05-31
TOTAL GERAL,BA,1536068015.0318077,2020-05-31
TOTAL GERAL,CE,1117411961.192925,2020-05-31
TOTAL GERAL,DF,8339592169.875891,2020-05-31
TOTAL GERAL,ES,1255245825.327731,2020-05-31
TOTAL GERAL,GO,1013452406.1850475,2020-05-31
TOTAL GERAL,MA,458060778.48049504,2020-05-31
TOTAL GERAL,MG,4582810388.387722,2020-05-31
TOTAL GERAL,MS,484519644.8216446,2020-05-31
TOTAL GERAL,MT,687520950.7310258,2020-05-31
TOTAL GERAL,PA,767072503.8576992,2020-05-31
TOTAL GERAL,PB,382274203.9711578,2020-05-31
TOTAL GERAL,PE,1208049579.870534,2020-05-31
TOTAL GERAL,PI,226283952.7487713,2020-05-31
TOTAL GERAL,PR,3865794598.8870993,2020-05-31
TOTAL GERAL,RJ,10822658622.982174,2020-05-31
TOTAL GERAL,RN,340896502.0363244,2020-05-31
TOTAL GERAL,RO,207749793.61292195,2020-05-31
TOTAL GERAL,RR,74456112.40633151,2020-05-31
TOTAL GERAL,RS,3459572611.1610293,2020-05-31
TOTAL GERAL,SC,3597336249.0947566,2020-05-31
TOTAL GERAL,SE,239962839.7042539,2020-05-31
TOTAL GERAL,SP,31548970344.541138,2020-05-31
TOTAL GERAL,TO,159287022.920555,2020-05-31
TOTAL GERAL,AC,104393526.90827751,2020-06-30
TOTAL GERAL,AL,325068273.0202616,2020-06-30
TOTAL GERAL,AM,830083075.1001589,2020-06-30
TOTAL GERAL,AP,88943549.18904023,2020-06-30
TOTAL GERAL,BA,1818014793.3217168,2020-06-30
TOTAL GERAL,CE,1234524415.0309494,2020-06-30
TOTAL GERAL,DF,8824360230.4023,2020-06-30
TOTAL GERAL,ES,1590088209.8991332,2020-06-30
TOTAL GERAL,GO,1300488545.9823287,2020-06-30
TOTAL GERAL,MA,567911310.1966258,2020-06-30
TOTAL GERAL,MG,5584560455.229484,2020-06-30
TOTAL GERAL,MS,637074205.4643983,2020-06-30
TOTAL GERAL,MT,927800448.9204288,2020-06-30
TOTAL GERAL,PA,888519260.9201856,2020-06-30
TOTAL GERAL,PB,476944644.68082875,2020-06-30
TOTAL GERAL,PE,1447254419.1292555,2020-06-30
TOTAL GERAL,PI,295429469.4955681,2020-06-30
TOTAL GERAL,PR,4437907418.275849,2020-06-30
TOTAL GERAL,RJ,11863617169.666582,2020-06-30
TOTAL GERAL,RN,411134480.543947,2020-06-30
TOTAL GERAL,RO,265846801.77850735,2020-06-30
TOTAL GERAL,RR,97574698.8378779,2020-06-30
TOTAL GERAL,RS,4443685878.742158,2020-06-30
TOTAL GERAL,SC,3654058032.7939167,2020-06-30
TOTAL GERAL,SE,325377939.15400994,2020-06-30
TOTAL GERAL,SP,33637901573.38693,2020-06-30
TOTAL GERAL,TO,179632070.9592801,2020-06-30
